Copyright 1986-2022 Xilinx, Inc. All Rights Reserved. Copyright 2022-2025 Advanced Micro Devices, Inc. All Rights Reserved.
---------------------------------------------------------------------------------------------------------------------------------------------------------------------------------------------------------------------
| Tool Version : Vivado v.2025.1 (win64) Build 6140274 Thu May 22 00:12:29 MDT 2025
| Date         : Thu Jan  1 02:49:20 2026
| Host         : AryanHPLaptop running 64-bit major release  (build 9200)
| Command      : report_timing_summary -max_paths 10 -routable_nets -report_unconstrained -file top_timing_summary_routed.rpt -pb top_timing_summary_routed.pb -rpx top_timing_summary_routed.rpx -warn_on_violation
| Design       : top
| Device       : 7s50-ftgb196
| Speed File   : -1  PRODUCTION 1.23 2018-06-13
| Design State : Routed
---------------------------------------------------------------------------------------------------------------------------------------------------------------------------------------------------------------------

Timing Summary Report

------------------------------------------------------------------------------------------------
| Timer Settings
| --------------
------------------------------------------------------------------------------------------------

  Enable Multi Corner Analysis               :  Yes
  Enable Pessimism Removal                   :  Yes
  Pessimism Removal Resolution               :  Nearest Common Node
  Enable Input Delay Default Clock           :  No
  Enable Preset / Clear Arcs                 :  No
  Disable Flight Delays                      :  No
  Ignore I/O Paths                           :  No
  Timing Early Launch at Borrowing Latches   :  No
  Borrow Time for Max Delay Exceptions       :  Yes
  Merge Timing Exceptions                    :  Yes
  Inter-SLR Compensation                     :  Conservative

  Corner  Analyze    Analyze    
  Name    Max Paths  Min Paths  
  ------  ---------  ---------  
  Slow    Yes        Yes        
  Fast    Yes        Yes        


------------------------------------------------------------------------------------------------
| Report Methodology
| ------------------
------------------------------------------------------------------------------------------------

Rule       Severity  Description                    Violations  
---------  --------  -----------------------------  ----------  
TIMING-18  Warning   Missing input or output delay  70          

Note: This report is based on the most recent report_methodology run and may not be up-to-date. Run report_methodology on the current design for the latest report.



check_timing report

Table of Contents
-----------------
1. checking no_clock (0)
2. checking constant_clock (0)
3. checking pulse_width_clock (0)
4. checking unconstrained_internal_endpoints (0)
5. checking no_input_delay (36)
6. checking no_output_delay (34)
7. checking multiple_clock (0)
8. checking generated_clocks (0)
9. checking loops (0)
10. checking partial_input_delay (0)
11. checking partial_output_delay (0)
12. checking latch_loops (0)

1. checking no_clock (0)
------------------------
 There are 0 register/latch pins with no clock.


2. checking constant_clock (0)
------------------------------
 There are 0 register/latch pins with constant_clock.


3. checking pulse_width_clock (0)
---------------------------------
 There are 0 register/latch pins which need pulse_width check


4. checking unconstrained_internal_endpoints (0)
------------------------------------------------
 There are 0 pins that are not constrained for maximum delay.

 There are 0 pins that are not constrained for maximum delay due to constant clock.


5. checking no_input_delay (36)
-------------------------------
 There are 36 input ports with no input delay specified. (HIGH)

 There are 0 input ports with no input delay but user has a false path constraint.


6. checking no_output_delay (34)
--------------------------------
 There are 34 ports with no output delay specified. (HIGH)

 There are 0 ports with no output delay but user has a false path constraint

 There are 0 ports with no output delay but with a timing clock defined on it or propagating through it


7. checking multiple_clock (0)
------------------------------
 There are 0 register/latch pins with multiple clocks.


8. checking generated_clocks (0)
--------------------------------
 There are 0 generated clocks that are not connected to a clock source.


9. checking loops (0)
---------------------
 There are 0 combinational loops in the design.


10. checking partial_input_delay (0)
------------------------------------
 There are 0 input ports with partial input delay specified.


11. checking partial_output_delay (0)
-------------------------------------
 There are 0 ports with partial output delay specified.


12. checking latch_loops (0)
----------------------------
 There are 0 combinational latch loops in the design through latch input



------------------------------------------------------------------------------------------------
| Design Timing Summary
| ---------------------
------------------------------------------------------------------------------------------------

    WNS(ns)      TNS(ns)  TNS Failing Endpoints  TNS Total Endpoints      WHS(ns)      THS(ns)  THS Failing Endpoints  THS Total Endpoints     WPWS(ns)     TPWS(ns)  TPWS Failing Endpoints  TPWS Total Endpoints  
    -------      -------  ---------------------  -------------------      -------      -------  ---------------------  -------------------     --------     --------  ----------------------  --------------------  
      0.203        0.000                      0                 3169        0.146        0.000                      0                 3169        1.116        0.000                       0                   693  


All user specified timing constraints are met.


------------------------------------------------------------------------------------------------
| Clock Summary
| -------------
------------------------------------------------------------------------------------------------

Clock  Waveform(ns)         Period(ns)      Frequency(MHz)
-----  ------------         ----------      --------------
clk    {0.000 2.500}        5.000           200.000         


------------------------------------------------------------------------------------------------
| Intra Clock Table
| -----------------
------------------------------------------------------------------------------------------------

Clock             WNS(ns)      TNS(ns)  TNS Failing Endpoints  TNS Total Endpoints      WHS(ns)      THS(ns)  THS Failing Endpoints  THS Total Endpoints     WPWS(ns)     TPWS(ns)  TPWS Failing Endpoints  TPWS Total Endpoints  
-----             -------      -------  ---------------------  -------------------      -------      -------  ---------------------  -------------------     --------     --------  ----------------------  --------------------  
clk                 0.203        0.000                      0                 3169        0.146        0.000                      0                 3169        1.116        0.000                       0                   693  


------------------------------------------------------------------------------------------------
| Inter Clock Table
| -----------------
------------------------------------------------------------------------------------------------

From Clock    To Clock          WNS(ns)      TNS(ns)  TNS Failing Endpoints  TNS Total Endpoints      WHS(ns)      THS(ns)  THS Failing Endpoints  THS Total Endpoints  
----------    --------          -------      -------  ---------------------  -------------------      -------      -------  ---------------------  -------------------  


------------------------------------------------------------------------------------------------
| Other Path Groups Table
| -----------------------
------------------------------------------------------------------------------------------------

Path Group    From Clock    To Clock          WNS(ns)      TNS(ns)  TNS Failing Endpoints  TNS Total Endpoints      WHS(ns)      THS(ns)  THS Failing Endpoints  THS Total Endpoints  
----------    ----------    --------          -------      -------  ---------------------  -------------------      -------      -------  ---------------------  -------------------  


------------------------------------------------------------------------------------------------
| User Ignored Path Table
| -----------------------
------------------------------------------------------------------------------------------------

Path Group    From Clock    To Clock    
----------    ----------    --------    


------------------------------------------------------------------------------------------------
| Unconstrained Path Table
| ------------------------
------------------------------------------------------------------------------------------------

Path Group    From Clock    To Clock    
----------    ----------    --------    
(none)        clk                         
(none)                      clk           


------------------------------------------------------------------------------------------------
| Timing Details
| --------------
------------------------------------------------------------------------------------------------


---------------------------------------------------------------------------------------------------
From Clock:  clk
  To Clock:  clk

Setup :            0  Failing Endpoints,  Worst Slack        0.203ns,  Total Violation        0.000ns
Hold  :            0  Failing Endpoints,  Worst Slack        0.146ns,  Total Violation        0.000ns
PW    :            0  Failing Endpoints,  Worst Slack        1.116ns,  Total Violation        0.000ns
---------------------------------------------------------------------------------------------------


Max Delay Paths
--------------------------------------------------------------------------------------
Slack (MET) :             0.203ns  (required time - arrival time)
  Source:                 conv_block3/genblk2[2].sum_rows_reg_reg[2]/CLK
                            (rising edge-triggered cell DSP48E1 clocked by clk  {rise@0.000ns fall@2.500ns period=5.000ns})
  Destination:            conv_block3/sum_reg_reg/C[19]
                            (rising edge-triggered cell DSP48E1 clocked by clk  {rise@0.000ns fall@2.500ns period=5.000ns})
  Path Group:             clk
  Path Type:              Setup (Max at Slow Process Corner)
  Requirement:            5.000ns  (clk rise@5.000ns - clk rise@0.000ns)
  Data Path Delay:        3.012ns  (logic 0.434ns (14.407%)  route 2.578ns (85.593%))
  Logic Levels:           0  
  Clock Path Skew:        -0.048ns (DCD - SCD + CPR)
    Destination Clock Delay (DCD):    4.344ns = ( 9.344 - 5.000 ) 
    Source Clock Delay      (SCD):    4.714ns
    Clock Pessimism Removal (CPR):    0.322ns
  Clock Uncertainty:      0.035ns  ((TSJ^2 + TIJ^2)^1/2 + DJ) / 2 + PE
    Total System Jitter     (TSJ):    0.071ns
    Total Input Jitter      (TIJ):    0.000ns
    Discrete Jitter          (DJ):    0.000ns
    Phase Error              (PE):    0.000ns

    Location             Delay type                Incr(ns)  Path(ns)    Netlist Resource(s)
  -------------------------------------------------------------------    -------------------
                         (clock clk rise edge)        0.000     0.000 r  
    D14                                               0.000     0.000 r  clk (IN)
                         net (fo=0)                   0.000     0.000    clk
    D14                  IBUF (Prop_ibuf_I_O)         0.989     0.989 r  clk_IBUF_inst/O
                         net (fo=1, routed)           1.972     2.960    clk_IBUF
    BUFGCTRL_X0Y0        BUFG (Prop_bufg_I_O)         0.096     3.056 r  clk_IBUF_BUFG_inst/O
                         net (fo=692, routed)         1.658     4.714    conv_block3/clk_IBUF_BUFG
    DSP48_X1Y4           DSP48E1                                      r  conv_block3/genblk2[2].sum_rows_reg_reg[2]/CLK
  -------------------------------------------------------------------    -------------------
    DSP48_X1Y4           DSP48E1 (Prop_dsp48e1_CLK_P[15])
                                                      0.434     5.148 r  conv_block3/genblk2[2].sum_rows_reg_reg[2]/P[15]
                         net (fo=33, routed)          2.578     7.726    conv_block3/genblk2[2].sum_rows_reg_reg_n_90_[2]
    DSP48_X1Y11          DSP48E1                                      r  conv_block3/sum_reg_reg/C[19]
  -------------------------------------------------------------------    -------------------

                         (clock clk rise edge)        5.000     5.000 r  
    D14                                               0.000     5.000 r  clk (IN)
                         net (fo=0)                   0.000     5.000    clk
    D14                  IBUF (Prop_ibuf_I_O)         0.855     5.855 r  clk_IBUF_inst/O
                         net (fo=1, routed)           1.868     7.723    clk_IBUF
    BUFGCTRL_X0Y0        BUFG (Prop_bufg_I_O)         0.091     7.814 r  clk_IBUF_BUFG_inst/O
                         net (fo=692, routed)         1.530     9.344    conv_block3/clk_IBUF_BUFG
    DSP48_X1Y11          DSP48E1                                      r  conv_block3/sum_reg_reg/CLK
                         clock pessimism              0.322     9.666    
                         clock uncertainty           -0.035     9.631    
    DSP48_X1Y11          DSP48E1 (Setup_dsp48e1_CLK_C[19])
                                                     -1.701     7.930    conv_block3/sum_reg_reg
  -------------------------------------------------------------------
                         required time                          7.930    
                         arrival time                          -7.726    
  -------------------------------------------------------------------
                         slack                                  0.203    

Slack (MET) :             0.203ns  (required time - arrival time)
  Source:                 conv_block3/genblk2[2].sum_rows_reg_reg[2]/CLK
                            (rising edge-triggered cell DSP48E1 clocked by clk  {rise@0.000ns fall@2.500ns period=5.000ns})
  Destination:            conv_block3/sum_reg_reg/C[47]
                            (rising edge-triggered cell DSP48E1 clocked by clk  {rise@0.000ns fall@2.500ns period=5.000ns})
  Path Group:             clk
  Path Type:              Setup (Max at Slow Process Corner)
  Requirement:            5.000ns  (clk rise@5.000ns - clk rise@0.000ns)
  Data Path Delay:        3.012ns  (logic 0.434ns (14.407%)  route 2.578ns (85.593%))
  Logic Levels:           0  
  Clock Path Skew:        -0.048ns (DCD - SCD + CPR)
    Destination Clock Delay (DCD):    4.344ns = ( 9.344 - 5.000 ) 
    Source Clock Delay      (SCD):    4.714ns
    Clock Pessimism Removal (CPR):    0.322ns
  Clock Uncertainty:      0.035ns  ((TSJ^2 + TIJ^2)^1/2 + DJ) / 2 + PE
    Total System Jitter     (TSJ):    0.071ns
    Total Input Jitter      (TIJ):    0.000ns
    Discrete Jitter          (DJ):    0.000ns
    Phase Error              (PE):    0.000ns

    Location             Delay type                Incr(ns)  Path(ns)    Netlist Resource(s)
  -------------------------------------------------------------------    -------------------
                         (clock clk rise edge)        0.000     0.000 r  
    D14                                               0.000     0.000 r  clk (IN)
                         net (fo=0)                   0.000     0.000    clk
    D14                  IBUF (Prop_ibuf_I_O)         0.989     0.989 r  clk_IBUF_inst/O
                         net (fo=1, routed)           1.972     2.960    clk_IBUF
    BUFGCTRL_X0Y0        BUFG (Prop_bufg_I_O)         0.096     3.056 r  clk_IBUF_BUFG_inst/O
                         net (fo=692, routed)         1.658     4.714    conv_block3/clk_IBUF_BUFG
    DSP48_X1Y4           DSP48E1                                      r  conv_block3/genblk2[2].sum_rows_reg_reg[2]/CLK
  -------------------------------------------------------------------    -------------------
    DSP48_X1Y4           DSP48E1 (Prop_dsp48e1_CLK_P[15])
                                                      0.434     5.148 r  conv_block3/genblk2[2].sum_rows_reg_reg[2]/P[15]
                         net (fo=33, routed)          2.578     7.726    conv_block3/genblk2[2].sum_rows_reg_reg_n_90_[2]
    DSP48_X1Y11          DSP48E1                                      r  conv_block3/sum_reg_reg/C[47]
  -------------------------------------------------------------------    -------------------

                         (clock clk rise edge)        5.000     5.000 r  
    D14                                               0.000     5.000 r  clk (IN)
                         net (fo=0)                   0.000     5.000    clk
    D14                  IBUF (Prop_ibuf_I_O)         0.855     5.855 r  clk_IBUF_inst/O
                         net (fo=1, routed)           1.868     7.723    clk_IBUF
    BUFGCTRL_X0Y0        BUFG (Prop_bufg_I_O)         0.091     7.814 r  clk_IBUF_BUFG_inst/O
                         net (fo=692, routed)         1.530     9.344    conv_block3/clk_IBUF_BUFG
    DSP48_X1Y11          DSP48E1                                      r  conv_block3/sum_reg_reg/CLK
                         clock pessimism              0.322     9.666    
                         clock uncertainty           -0.035     9.631    
    DSP48_X1Y11          DSP48E1 (Setup_dsp48e1_CLK_C[47])
                                                     -1.701     7.930    conv_block3/sum_reg_reg
  -------------------------------------------------------------------
                         required time                          7.930    
                         arrival time                          -7.726    
  -------------------------------------------------------------------
                         slack                                  0.203    

Slack (MET) :             0.312ns  (required time - arrival time)
  Source:                 conv_block1/genblk2[2].sum_rows_reg_reg[2]/CLK
                            (rising edge-triggered cell DSP48E1 clocked by clk  {rise@0.000ns fall@2.500ns period=5.000ns})
  Destination:            conv_block1/sum_reg_reg/C[16]
                            (rising edge-triggered cell DSP48E1 clocked by clk  {rise@0.000ns fall@2.500ns period=5.000ns})
  Path Group:             clk
  Path Type:              Setup (Max at Slow Process Corner)
  Requirement:            5.000ns  (clk rise@5.000ns - clk rise@0.000ns)
  Data Path Delay:        2.919ns  (logic 0.434ns (14.867%)  route 2.485ns (85.133%))
  Logic Levels:           0  
  Clock Path Skew:        -0.032ns (DCD - SCD + CPR)
    Destination Clock Delay (DCD):    4.350ns = ( 9.350 - 5.000 ) 
    Source Clock Delay      (SCD):    4.704ns
    Clock Pessimism Removal (CPR):    0.322ns
  Clock Uncertainty:      0.035ns  ((TSJ^2 + TIJ^2)^1/2 + DJ) / 2 + PE
    Total System Jitter     (TSJ):    0.071ns
    Total Input Jitter      (TIJ):    0.000ns
    Discrete Jitter          (DJ):    0.000ns
    Phase Error              (PE):    0.000ns

    Location             Delay type                Incr(ns)  Path(ns)    Netlist Resource(s)
  -------------------------------------------------------------------    -------------------
                         (clock clk rise edge)        0.000     0.000 r  
    D14                                               0.000     0.000 r  clk (IN)
                         net (fo=0)                   0.000     0.000    clk
    D14                  IBUF (Prop_ibuf_I_O)         0.989     0.989 r  clk_IBUF_inst/O
                         net (fo=1, routed)           1.972     2.960    clk_IBUF
    BUFGCTRL_X0Y0        BUFG (Prop_bufg_I_O)         0.096     3.056 r  clk_IBUF_BUFG_inst/O
                         net (fo=692, routed)         1.648     4.704    conv_block1/clk_IBUF_BUFG
    DSP48_X0Y7           DSP48E1                                      r  conv_block1/genblk2[2].sum_rows_reg_reg[2]/CLK
  -------------------------------------------------------------------    -------------------
    DSP48_X0Y7           DSP48E1 (Prop_dsp48e1_CLK_P[15])
                                                      0.434     5.138 r  conv_block1/genblk2[2].sum_rows_reg_reg[2]/P[15]
                         net (fo=33, routed)          2.485     7.623    conv_block1/genblk2[2].sum_rows_reg_reg_n_90_[2]
    DSP48_X0Y14          DSP48E1                                      r  conv_block1/sum_reg_reg/C[16]
  -------------------------------------------------------------------    -------------------

                         (clock clk rise edge)        5.000     5.000 r  
    D14                                               0.000     5.000 r  clk (IN)
                         net (fo=0)                   0.000     5.000    clk
    D14                  IBUF (Prop_ibuf_I_O)         0.855     5.855 r  clk_IBUF_inst/O
                         net (fo=1, routed)           1.868     7.723    clk_IBUF
    BUFGCTRL_X0Y0        BUFG (Prop_bufg_I_O)         0.091     7.814 r  clk_IBUF_BUFG_inst/O
                         net (fo=692, routed)         1.536     9.350    conv_block1/clk_IBUF_BUFG
    DSP48_X0Y14          DSP48E1                                      r  conv_block1/sum_reg_reg/CLK
                         clock pessimism              0.322     9.672    
                         clock uncertainty           -0.035     9.637    
    DSP48_X0Y14          DSP48E1 (Setup_dsp48e1_CLK_C[16])
                                                     -1.701     7.936    conv_block1/sum_reg_reg
  -------------------------------------------------------------------
                         required time                          7.936    
                         arrival time                          -7.623    
  -------------------------------------------------------------------
                         slack                                  0.312    

Slack (MET) :             0.312ns  (required time - arrival time)
  Source:                 conv_block1/genblk2[2].sum_rows_reg_reg[2]/CLK
                            (rising edge-triggered cell DSP48E1 clocked by clk  {rise@0.000ns fall@2.500ns period=5.000ns})
  Destination:            conv_block1/sum_reg_reg/C[18]
                            (rising edge-triggered cell DSP48E1 clocked by clk  {rise@0.000ns fall@2.500ns period=5.000ns})
  Path Group:             clk
  Path Type:              Setup (Max at Slow Process Corner)
  Requirement:            5.000ns  (clk rise@5.000ns - clk rise@0.000ns)
  Data Path Delay:        2.919ns  (logic 0.434ns (14.867%)  route 2.485ns (85.133%))
  Logic Levels:           0  
  Clock Path Skew:        -0.032ns (DCD - SCD + CPR)
    Destination Clock Delay (DCD):    4.350ns = ( 9.350 - 5.000 ) 
    Source Clock Delay      (SCD):    4.704ns
    Clock Pessimism Removal (CPR):    0.322ns
  Clock Uncertainty:      0.035ns  ((TSJ^2 + TIJ^2)^1/2 + DJ) / 2 + PE
    Total System Jitter     (TSJ):    0.071ns
    Total Input Jitter      (TIJ):    0.000ns
    Discrete Jitter          (DJ):    0.000ns
    Phase Error              (PE):    0.000ns

    Location             Delay type                Incr(ns)  Path(ns)    Netlist Resource(s)
  -------------------------------------------------------------------    -------------------
                         (clock clk rise edge)        0.000     0.000 r  
    D14                                               0.000     0.000 r  clk (IN)
                         net (fo=0)                   0.000     0.000    clk
    D14                  IBUF (Prop_ibuf_I_O)         0.989     0.989 r  clk_IBUF_inst/O
                         net (fo=1, routed)           1.972     2.960    clk_IBUF
    BUFGCTRL_X0Y0        BUFG (Prop_bufg_I_O)         0.096     3.056 r  clk_IBUF_BUFG_inst/O
                         net (fo=692, routed)         1.648     4.704    conv_block1/clk_IBUF_BUFG
    DSP48_X0Y7           DSP48E1                                      r  conv_block1/genblk2[2].sum_rows_reg_reg[2]/CLK
  -------------------------------------------------------------------    -------------------
    DSP48_X0Y7           DSP48E1 (Prop_dsp48e1_CLK_P[15])
                                                      0.434     5.138 r  conv_block1/genblk2[2].sum_rows_reg_reg[2]/P[15]
                         net (fo=33, routed)          2.485     7.623    conv_block1/genblk2[2].sum_rows_reg_reg_n_90_[2]
    DSP48_X0Y14          DSP48E1                                      r  conv_block1/sum_reg_reg/C[18]
  -------------------------------------------------------------------    -------------------

                         (clock clk rise edge)        5.000     5.000 r  
    D14                                               0.000     5.000 r  clk (IN)
                         net (fo=0)                   0.000     5.000    clk
    D14                  IBUF (Prop_ibuf_I_O)         0.855     5.855 r  clk_IBUF_inst/O
                         net (fo=1, routed)           1.868     7.723    clk_IBUF
    BUFGCTRL_X0Y0        BUFG (Prop_bufg_I_O)         0.091     7.814 r  clk_IBUF_BUFG_inst/O
                         net (fo=692, routed)         1.536     9.350    conv_block1/clk_IBUF_BUFG
    DSP48_X0Y14          DSP48E1                                      r  conv_block1/sum_reg_reg/CLK
                         clock pessimism              0.322     9.672    
                         clock uncertainty           -0.035     9.637    
    DSP48_X0Y14          DSP48E1 (Setup_dsp48e1_CLK_C[18])
                                                     -1.701     7.936    conv_block1/sum_reg_reg
  -------------------------------------------------------------------
                         required time                          7.936    
                         arrival time                          -7.623    
  -------------------------------------------------------------------
                         slack                                  0.312    

Slack (MET) :             0.312ns  (required time - arrival time)
  Source:                 conv_block1/genblk2[2].sum_rows_reg_reg[2]/CLK
                            (rising edge-triggered cell DSP48E1 clocked by clk  {rise@0.000ns fall@2.500ns period=5.000ns})
  Destination:            conv_block1/sum_reg_reg/C[45]
                            (rising edge-triggered cell DSP48E1 clocked by clk  {rise@0.000ns fall@2.500ns period=5.000ns})
  Path Group:             clk
  Path Type:              Setup (Max at Slow Process Corner)
  Requirement:            5.000ns  (clk rise@5.000ns - clk rise@0.000ns)
  Data Path Delay:        2.919ns  (logic 0.434ns (14.867%)  route 2.485ns (85.133%))
  Logic Levels:           0  
  Clock Path Skew:        -0.032ns (DCD - SCD + CPR)
    Destination Clock Delay (DCD):    4.350ns = ( 9.350 - 5.000 ) 
    Source Clock Delay      (SCD):    4.704ns
    Clock Pessimism Removal (CPR):    0.322ns
  Clock Uncertainty:      0.035ns  ((TSJ^2 + TIJ^2)^1/2 + DJ) / 2 + PE
    Total System Jitter     (TSJ):    0.071ns
    Total Input Jitter      (TIJ):    0.000ns
    Discrete Jitter          (DJ):    0.000ns
    Phase Error              (PE):    0.000ns

    Location             Delay type                Incr(ns)  Path(ns)    Netlist Resource(s)
  -------------------------------------------------------------------    -------------------
                         (clock clk rise edge)        0.000     0.000 r  
    D14                                               0.000     0.000 r  clk (IN)
                         net (fo=0)                   0.000     0.000    clk
    D14                  IBUF (Prop_ibuf_I_O)         0.989     0.989 r  clk_IBUF_inst/O
                         net (fo=1, routed)           1.972     2.960    clk_IBUF
    BUFGCTRL_X0Y0        BUFG (Prop_bufg_I_O)         0.096     3.056 r  clk_IBUF_BUFG_inst/O
                         net (fo=692, routed)         1.648     4.704    conv_block1/clk_IBUF_BUFG
    DSP48_X0Y7           DSP48E1                                      r  conv_block1/genblk2[2].sum_rows_reg_reg[2]/CLK
  -------------------------------------------------------------------    -------------------
    DSP48_X0Y7           DSP48E1 (Prop_dsp48e1_CLK_P[15])
                                                      0.434     5.138 r  conv_block1/genblk2[2].sum_rows_reg_reg[2]/P[15]
                         net (fo=33, routed)          2.485     7.623    conv_block1/genblk2[2].sum_rows_reg_reg_n_90_[2]
    DSP48_X0Y14          DSP48E1                                      r  conv_block1/sum_reg_reg/C[45]
  -------------------------------------------------------------------    -------------------

                         (clock clk rise edge)        5.000     5.000 r  
    D14                                               0.000     5.000 r  clk (IN)
                         net (fo=0)                   0.000     5.000    clk
    D14                  IBUF (Prop_ibuf_I_O)         0.855     5.855 r  clk_IBUF_inst/O
                         net (fo=1, routed)           1.868     7.723    clk_IBUF
    BUFGCTRL_X0Y0        BUFG (Prop_bufg_I_O)         0.091     7.814 r  clk_IBUF_BUFG_inst/O
                         net (fo=692, routed)         1.536     9.350    conv_block1/clk_IBUF_BUFG
    DSP48_X0Y14          DSP48E1                                      r  conv_block1/sum_reg_reg/CLK
                         clock pessimism              0.322     9.672    
                         clock uncertainty           -0.035     9.637    
    DSP48_X0Y14          DSP48E1 (Setup_dsp48e1_CLK_C[45])
                                                     -1.701     7.936    conv_block1/sum_reg_reg
  -------------------------------------------------------------------
                         required time                          7.936    
                         arrival time                          -7.623    
  -------------------------------------------------------------------
                         slack                                  0.312    

Slack (MET) :             0.318ns  (required time - arrival time)
  Source:                 conv_block1/genblk2[2].sum_rows_reg_reg[2]/CLK
                            (rising edge-triggered cell DSP48E1 clocked by clk  {rise@0.000ns fall@2.500ns period=5.000ns})
  Destination:            conv_block1/sum_reg_reg/C[15]
                            (rising edge-triggered cell DSP48E1 clocked by clk  {rise@0.000ns fall@2.500ns period=5.000ns})
  Path Group:             clk
  Path Type:              Setup (Max at Slow Process Corner)
  Requirement:            5.000ns  (clk rise@5.000ns - clk rise@0.000ns)
  Data Path Delay:        2.913ns  (logic 0.434ns (14.898%)  route 2.479ns (85.102%))
  Logic Levels:           0  
  Clock Path Skew:        -0.032ns (DCD - SCD + CPR)
    Destination Clock Delay (DCD):    4.350ns = ( 9.350 - 5.000 ) 
    Source Clock Delay      (SCD):    4.704ns
    Clock Pessimism Removal (CPR):    0.322ns
  Clock Uncertainty:      0.035ns  ((TSJ^2 + TIJ^2)^1/2 + DJ) / 2 + PE
    Total System Jitter     (TSJ):    0.071ns
    Total Input Jitter      (TIJ):    0.000ns
    Discrete Jitter          (DJ):    0.000ns
    Phase Error              (PE):    0.000ns

    Location             Delay type                Incr(ns)  Path(ns)    Netlist Resource(s)
  -------------------------------------------------------------------    -------------------
                         (clock clk rise edge)        0.000     0.000 r  
    D14                                               0.000     0.000 r  clk (IN)
                         net (fo=0)                   0.000     0.000    clk
    D14                  IBUF (Prop_ibuf_I_O)         0.989     0.989 r  clk_IBUF_inst/O
                         net (fo=1, routed)           1.972     2.960    clk_IBUF
    BUFGCTRL_X0Y0        BUFG (Prop_bufg_I_O)         0.096     3.056 r  clk_IBUF_BUFG_inst/O
                         net (fo=692, routed)         1.648     4.704    conv_block1/clk_IBUF_BUFG
    DSP48_X0Y7           DSP48E1                                      r  conv_block1/genblk2[2].sum_rows_reg_reg[2]/CLK
  -------------------------------------------------------------------    -------------------
    DSP48_X0Y7           DSP48E1 (Prop_dsp48e1_CLK_P[15])
                                                      0.434     5.138 r  conv_block1/genblk2[2].sum_rows_reg_reg[2]/P[15]
                         net (fo=33, routed)          2.479     7.617    conv_block1/genblk2[2].sum_rows_reg_reg_n_90_[2]
    DSP48_X0Y14          DSP48E1                                      r  conv_block1/sum_reg_reg/C[15]
  -------------------------------------------------------------------    -------------------

                         (clock clk rise edge)        5.000     5.000 r  
    D14                                               0.000     5.000 r  clk (IN)
                         net (fo=0)                   0.000     5.000    clk
    D14                  IBUF (Prop_ibuf_I_O)         0.855     5.855 r  clk_IBUF_inst/O
                         net (fo=1, routed)           1.868     7.723    clk_IBUF
    BUFGCTRL_X0Y0        BUFG (Prop_bufg_I_O)         0.091     7.814 r  clk_IBUF_BUFG_inst/O
                         net (fo=692, routed)         1.536     9.350    conv_block1/clk_IBUF_BUFG
    DSP48_X0Y14          DSP48E1                                      r  conv_block1/sum_reg_reg/CLK
                         clock pessimism              0.322     9.672    
                         clock uncertainty           -0.035     9.637    
    DSP48_X0Y14          DSP48E1 (Setup_dsp48e1_CLK_C[15])
                                                     -1.701     7.936    conv_block1/sum_reg_reg
  -------------------------------------------------------------------
                         required time                          7.936    
                         arrival time                          -7.617    
  -------------------------------------------------------------------
                         slack                                  0.318    

Slack (MET) :             0.344ns  (required time - arrival time)
  Source:                 conv_block4/genblk2[2].sum_rows_reg_reg[2]/CLK
                            (rising edge-triggered cell DSP48E1 clocked by clk  {rise@0.000ns fall@2.500ns period=5.000ns})
  Destination:            conv_block4/sum_reg_reg/C[18]
                            (rising edge-triggered cell DSP48E1 clocked by clk  {rise@0.000ns fall@2.500ns period=5.000ns})
  Path Group:             clk
  Path Type:              Setup (Max at Slow Process Corner)
  Requirement:            5.000ns  (clk rise@5.000ns - clk rise@0.000ns)
  Data Path Delay:        2.885ns  (logic 0.434ns (15.044%)  route 2.451ns (84.956%))
  Logic Levels:           0  
  Clock Path Skew:        -0.035ns (DCD - SCD + CPR)
    Destination Clock Delay (DCD):    4.355ns = ( 9.355 - 5.000 ) 
    Source Clock Delay      (SCD):    4.712ns
    Clock Pessimism Removal (CPR):    0.322ns
  Clock Uncertainty:      0.035ns  ((TSJ^2 + TIJ^2)^1/2 + DJ) / 2 + PE
    Total System Jitter     (TSJ):    0.071ns
    Total Input Jitter      (TIJ):    0.000ns
    Discrete Jitter          (DJ):    0.000ns
    Phase Error              (PE):    0.000ns

    Location             Delay type                Incr(ns)  Path(ns)    Netlist Resource(s)
  -------------------------------------------------------------------    -------------------
                         (clock clk rise edge)        0.000     0.000 r  
    D14                                               0.000     0.000 r  clk (IN)
                         net (fo=0)                   0.000     0.000    clk
    D14                  IBUF (Prop_ibuf_I_O)         0.989     0.989 r  clk_IBUF_inst/O
                         net (fo=1, routed)           1.972     2.960    clk_IBUF
    BUFGCTRL_X0Y0        BUFG (Prop_bufg_I_O)         0.096     3.056 r  clk_IBUF_BUFG_inst/O
                         net (fo=692, routed)         1.656     4.712    conv_block4/clk_IBUF_BUFG
    DSP48_X0Y4           DSP48E1                                      r  conv_block4/genblk2[2].sum_rows_reg_reg[2]/CLK
  -------------------------------------------------------------------    -------------------
    DSP48_X0Y4           DSP48E1 (Prop_dsp48e1_CLK_P[15])
                                                      0.434     5.146 r  conv_block4/genblk2[2].sum_rows_reg_reg[2]/P[15]
                         net (fo=33, routed)          2.451     7.597    conv_block4/genblk2[2].sum_rows_reg_reg_n_90_[2]
    DSP48_X0Y18          DSP48E1                                      r  conv_block4/sum_reg_reg/C[18]
  -------------------------------------------------------------------    -------------------

                         (clock clk rise edge)        5.000     5.000 r  
    D14                                               0.000     5.000 r  clk (IN)
                         net (fo=0)                   0.000     5.000    clk
    D14                  IBUF (Prop_ibuf_I_O)         0.855     5.855 r  clk_IBUF_inst/O
                         net (fo=1, routed)           1.868     7.723    clk_IBUF
    BUFGCTRL_X0Y0        BUFG (Prop_bufg_I_O)         0.091     7.814 r  clk_IBUF_BUFG_inst/O
                         net (fo=692, routed)         1.541     9.355    conv_block4/clk_IBUF_BUFG
    DSP48_X0Y18          DSP48E1                                      r  conv_block4/sum_reg_reg/CLK
                         clock pessimism              0.322     9.677    
                         clock uncertainty           -0.035     9.642    
    DSP48_X0Y18          DSP48E1 (Setup_dsp48e1_CLK_C[18])
                                                     -1.701     7.941    conv_block4/sum_reg_reg
  -------------------------------------------------------------------
                         required time                          7.941    
                         arrival time                          -7.597    
  -------------------------------------------------------------------
                         slack                                  0.344    

Slack (MET) :             0.386ns  (required time - arrival time)
  Source:                 control/buffer_shift_counter_reg[2]/C
                            (rising edge-triggered cell FDCE clocked by clk  {rise@0.000ns fall@2.500ns period=5.000ns})
  Destination:            buf1/buffer2/rptr_reg[2]/D
                            (rising edge-triggered cell FDRE clocked by clk  {rise@0.000ns fall@2.500ns period=5.000ns})
  Path Group:             clk
  Path Type:              Setup (Max at Slow Process Corner)
  Requirement:            5.000ns  (clk rise@5.000ns - clk rise@0.000ns)
  Data Path Delay:        4.558ns  (logic 1.148ns (25.188%)  route 3.410ns (74.812%))
  Logic Levels:           4  (LUT2=1 LUT4=1 LUT6=2)
  Clock Path Skew:        0.026ns (DCD - SCD + CPR)
    Destination Clock Delay (DCD):    4.316ns = ( 9.316 - 5.000 ) 
    Source Clock Delay      (SCD):    4.613ns
    Clock Pessimism Removal (CPR):    0.322ns
  Clock Uncertainty:      0.035ns  ((TSJ^2 + TIJ^2)^1/2 + DJ) / 2 + PE
    Total System Jitter     (TSJ):    0.071ns
    Total Input Jitter      (TIJ):    0.000ns
    Discrete Jitter          (DJ):    0.000ns
    Phase Error              (PE):    0.000ns

    Location             Delay type                Incr(ns)  Path(ns)    Netlist Resource(s)
  -------------------------------------------------------------------    -------------------
                         (clock clk rise edge)        0.000     0.000 r  
    D14                                               0.000     0.000 r  clk (IN)
                         net (fo=0)                   0.000     0.000    clk
    D14                  IBUF (Prop_ibuf_I_O)         0.989     0.989 r  clk_IBUF_inst/O
                         net (fo=1, routed)           1.972     2.960    clk_IBUF
    BUFGCTRL_X0Y0        BUFG (Prop_bufg_I_O)         0.096     3.056 r  clk_IBUF_BUFG_inst/O
                         net (fo=692, routed)         1.556     4.613    control/clk_IBUF_BUFG
    SLICE_X9Y20          FDCE                                         r  control/buffer_shift_counter_reg[2]/C
  -------------------------------------------------------------------    -------------------
    SLICE_X9Y20          FDCE (Prop_fdce_C_Q)         0.456     5.069 r  control/buffer_shift_counter_reg[2]/Q
                         net (fo=5, routed)           1.031     6.100    control/buffer_shift_counter[2]
    SLICE_X9Y20          LUT6 (Prop_lut6_I1_O)        0.124     6.224 f  control/buffer_shift_counter[8]_i_2/O
                         net (fo=4, routed)           0.303     6.527    control/buffer_shift_counter[8]_i_2_n_0
    SLICE_X9Y21          LUT4 (Prop_lut4_I1_O)        0.124     6.651 f  control/rptr[1]_i_2/O
                         net (fo=199, routed)         0.738     7.389    control/buffer_shift_counter_reg[8]_0
    SLICE_X6Y20          LUT2 (Prop_lut2_I0_O)        0.116     7.505 r  control/rptr_rep[6]_i_3/O
                         net (fo=10, routed)          0.824     8.329    buf1/buffer2/rptr_reg[7]_0
    SLICE_X4Y23          LUT6 (Prop_lut6_I1_O)        0.328     8.657 r  buf1/buffer2/rptr_rep[2]_i_1__1/O
                         net (fo=2, routed)           0.514     9.170    buf1/buffer2/rptr_rep[2]_i_1__1_n_0
    SLICE_X5Y23          FDRE                                         r  buf1/buffer2/rptr_reg[2]/D
  -------------------------------------------------------------------    -------------------

                         (clock clk rise edge)        5.000     5.000 r  
    D14                                               0.000     5.000 r  clk (IN)
                         net (fo=0)                   0.000     5.000    clk
    D14                  IBUF (Prop_ibuf_I_O)         0.855     5.855 r  clk_IBUF_inst/O
                         net (fo=1, routed)           1.868     7.723    clk_IBUF
    BUFGCTRL_X0Y0        BUFG (Prop_bufg_I_O)         0.091     7.814 r  clk_IBUF_BUFG_inst/O
                         net (fo=692, routed)         1.502     9.316    buf1/buffer2/clk_IBUF_BUFG
    SLICE_X5Y23          FDRE                                         r  buf1/buffer2/rptr_reg[2]/C
                         clock pessimism              0.322     9.639    
                         clock uncertainty           -0.035     9.603    
    SLICE_X5Y23          FDRE (Setup_fdre_C_D)       -0.047     9.556    buf1/buffer2/rptr_reg[2]
  -------------------------------------------------------------------
                         required time                          9.556    
                         arrival time                          -9.170    
  -------------------------------------------------------------------
                         slack                                  0.386    

Slack (MET) :             0.393ns  (required time - arrival time)
  Source:                 conv_block3/genblk2[2].sum_rows_reg_reg[2]/CLK
                            (rising edge-triggered cell DSP48E1 clocked by clk  {rise@0.000ns fall@2.500ns period=5.000ns})
  Destination:            conv_block3/sum_reg_reg/C[38]
                            (rising edge-triggered cell DSP48E1 clocked by clk  {rise@0.000ns fall@2.500ns period=5.000ns})
  Path Group:             clk
  Path Type:              Setup (Max at Slow Process Corner)
  Requirement:            5.000ns  (clk rise@5.000ns - clk rise@0.000ns)
  Data Path Delay:        2.823ns  (logic 0.434ns (15.373%)  route 2.389ns (84.627%))
  Logic Levels:           0  
  Clock Path Skew:        -0.048ns (DCD - SCD + CPR)
    Destination Clock Delay (DCD):    4.344ns = ( 9.344 - 5.000 ) 
    Source Clock Delay      (SCD):    4.714ns
    Clock Pessimism Removal (CPR):    0.322ns
  Clock Uncertainty:      0.035ns  ((TSJ^2 + TIJ^2)^1/2 + DJ) / 2 + PE
    Total System Jitter     (TSJ):    0.071ns
    Total Input Jitter      (TIJ):    0.000ns
    Discrete Jitter          (DJ):    0.000ns
    Phase Error              (PE):    0.000ns

    Location             Delay type                Incr(ns)  Path(ns)    Netlist Resource(s)
  -------------------------------------------------------------------    -------------------
                         (clock clk rise edge)        0.000     0.000 r  
    D14                                               0.000     0.000 r  clk (IN)
                         net (fo=0)                   0.000     0.000    clk
    D14                  IBUF (Prop_ibuf_I_O)         0.989     0.989 r  clk_IBUF_inst/O
                         net (fo=1, routed)           1.972     2.960    clk_IBUF
    BUFGCTRL_X0Y0        BUFG (Prop_bufg_I_O)         0.096     3.056 r  clk_IBUF_BUFG_inst/O
                         net (fo=692, routed)         1.658     4.714    conv_block3/clk_IBUF_BUFG
    DSP48_X1Y4           DSP48E1                                      r  conv_block3/genblk2[2].sum_rows_reg_reg[2]/CLK
  -------------------------------------------------------------------    -------------------
    DSP48_X1Y4           DSP48E1 (Prop_dsp48e1_CLK_P[15])
                                                      0.434     5.148 r  conv_block3/genblk2[2].sum_rows_reg_reg[2]/P[15]
                         net (fo=33, routed)          2.389     7.537    conv_block3/genblk2[2].sum_rows_reg_reg_n_90_[2]
    DSP48_X1Y11          DSP48E1                                      r  conv_block3/sum_reg_reg/C[38]
  -------------------------------------------------------------------    -------------------

                         (clock clk rise edge)        5.000     5.000 r  
    D14                                               0.000     5.000 r  clk (IN)
                         net (fo=0)                   0.000     5.000    clk
    D14                  IBUF (Prop_ibuf_I_O)         0.855     5.855 r  clk_IBUF_inst/O
                         net (fo=1, routed)           1.868     7.723    clk_IBUF
    BUFGCTRL_X0Y0        BUFG (Prop_bufg_I_O)         0.091     7.814 r  clk_IBUF_BUFG_inst/O
                         net (fo=692, routed)         1.530     9.344    conv_block3/clk_IBUF_BUFG
    DSP48_X1Y11          DSP48E1                                      r  conv_block3/sum_reg_reg/CLK
                         clock pessimism              0.322     9.666    
                         clock uncertainty           -0.035     9.631    
    DSP48_X1Y11          DSP48E1 (Setup_dsp48e1_CLK_C[38])
                                                     -1.701     7.930    conv_block3/sum_reg_reg
  -------------------------------------------------------------------
                         required time                          7.930    
                         arrival time                          -7.537    
  -------------------------------------------------------------------
                         slack                                  0.393    

Slack (MET) :             0.393ns  (required time - arrival time)
  Source:                 conv_block3/genblk2[2].sum_rows_reg_reg[2]/CLK
                            (rising edge-triggered cell DSP48E1 clocked by clk  {rise@0.000ns fall@2.500ns period=5.000ns})
  Destination:            conv_block3/sum_reg_reg/C[39]
                            (rising edge-triggered cell DSP48E1 clocked by clk  {rise@0.000ns fall@2.500ns period=5.000ns})
  Path Group:             clk
  Path Type:              Setup (Max at Slow Process Corner)
  Requirement:            5.000ns  (clk rise@5.000ns - clk rise@0.000ns)
  Data Path Delay:        2.823ns  (logic 0.434ns (15.373%)  route 2.389ns (84.627%))
  Logic Levels:           0  
  Clock Path Skew:        -0.048ns (DCD - SCD + CPR)
    Destination Clock Delay (DCD):    4.344ns = ( 9.344 - 5.000 ) 
    Source Clock Delay      (SCD):    4.714ns
    Clock Pessimism Removal (CPR):    0.322ns
  Clock Uncertainty:      0.035ns  ((TSJ^2 + TIJ^2)^1/2 + DJ) / 2 + PE
    Total System Jitter     (TSJ):    0.071ns
    Total Input Jitter      (TIJ):    0.000ns
    Discrete Jitter          (DJ):    0.000ns
    Phase Error              (PE):    0.000ns

    Location             Delay type                Incr(ns)  Path(ns)    Netlist Resource(s)
  -------------------------------------------------------------------    -------------------
                         (clock clk rise edge)        0.000     0.000 r  
    D14                                               0.000     0.000 r  clk (IN)
                         net (fo=0)                   0.000     0.000    clk
    D14                  IBUF (Prop_ibuf_I_O)         0.989     0.989 r  clk_IBUF_inst/O
                         net (fo=1, routed)           1.972     2.960    clk_IBUF
    BUFGCTRL_X0Y0        BUFG (Prop_bufg_I_O)         0.096     3.056 r  clk_IBUF_BUFG_inst/O
                         net (fo=692, routed)         1.658     4.714    conv_block3/clk_IBUF_BUFG
    DSP48_X1Y4           DSP48E1                                      r  conv_block3/genblk2[2].sum_rows_reg_reg[2]/CLK
  -------------------------------------------------------------------    -------------------
    DSP48_X1Y4           DSP48E1 (Prop_dsp48e1_CLK_P[15])
                                                      0.434     5.148 r  conv_block3/genblk2[2].sum_rows_reg_reg[2]/P[15]
                         net (fo=33, routed)          2.389     7.537    conv_block3/genblk2[2].sum_rows_reg_reg_n_90_[2]
    DSP48_X1Y11          DSP48E1                                      r  conv_block3/sum_reg_reg/C[39]
  -------------------------------------------------------------------    -------------------

                         (clock clk rise edge)        5.000     5.000 r  
    D14                                               0.000     5.000 r  clk (IN)
                         net (fo=0)                   0.000     5.000    clk
    D14                  IBUF (Prop_ibuf_I_O)         0.855     5.855 r  clk_IBUF_inst/O
                         net (fo=1, routed)           1.868     7.723    clk_IBUF
    BUFGCTRL_X0Y0        BUFG (Prop_bufg_I_O)         0.091     7.814 r  clk_IBUF_BUFG_inst/O
                         net (fo=692, routed)         1.530     9.344    conv_block3/clk_IBUF_BUFG
    DSP48_X1Y11          DSP48E1                                      r  conv_block3/sum_reg_reg/CLK
                         clock pessimism              0.322     9.666    
                         clock uncertainty           -0.035     9.631    
    DSP48_X1Y11          DSP48E1 (Setup_dsp48e1_CLK_C[39])
                                                     -1.701     7.930    conv_block3/sum_reg_reg
  -------------------------------------------------------------------
                         required time                          7.930    
                         arrival time                          -7.537    
  -------------------------------------------------------------------
                         slack                                  0.393    





Min Delay Paths
--------------------------------------------------------------------------------------
Slack (MET) :             0.146ns  (arrival time - required time)
  Source:                 kern_buf/kernel_mat_reg[31]_rep__0/C
                            (rising edge-triggered cell FDCE clocked by clk  {rise@0.000ns fall@2.500ns period=5.000ns})
  Destination:            conv_block4/gen_row[1].gen_col[2].mul_data_reg[1][2]/B[11]
                            (rising edge-triggered cell DSP48E1 clocked by clk  {rise@0.000ns fall@2.500ns period=5.000ns})
  Path Group:             clk
  Path Type:              Hold (Min at Fast Process Corner)
  Requirement:            0.000ns  (clk rise@0.000ns - clk rise@0.000ns)
  Data Path Delay:        0.584ns  (logic 0.141ns (24.128%)  route 0.443ns (75.872%))
  Logic Levels:           0  
  Clock Path Skew:        0.356ns (DCD - SCD - CPR)
    Destination Clock Delay (DCD):    2.046ns
    Source Clock Delay      (SCD):    1.443ns
    Clock Pessimism Removal (CPR):    0.247ns

    Location             Delay type                Incr(ns)  Path(ns)    Netlist Resource(s)
  -------------------------------------------------------------------    -------------------
                         (clock clk rise edge)        0.000     0.000 r  
    D14                                               0.000     0.000 r  clk (IN)
                         net (fo=0)                   0.000     0.000    clk
    D14                  IBUF (Prop_ibuf_I_O)         0.217     0.217 r  clk_IBUF_inst/O
                         net (fo=1, routed)           0.634     0.851    clk_IBUF
    BUFGCTRL_X0Y0        BUFG (Prop_bufg_I_O)         0.026     0.877 r  clk_IBUF_BUFG_inst/O
                         net (fo=692, routed)         0.566     1.443    kern_buf/clk_IBUF_BUFG
    SLICE_X13Y45         FDCE                                         r  kern_buf/kernel_mat_reg[31]_rep__0/C
  -------------------------------------------------------------------    -------------------
    SLICE_X13Y45         FDCE (Prop_fdce_C_Q)         0.141     1.584 r  kern_buf/kernel_mat_reg[31]_rep__0/Q
                         net (fo=4, routed)           0.443     2.027    conv_block4/gen_row[1].gen_col[2].mul_data_reg[1][2]_1[1]
    DSP48_X0Y23          DSP48E1                                      r  conv_block4/gen_row[1].gen_col[2].mul_data_reg[1][2]/B[11]
  -------------------------------------------------------------------    -------------------

                         (clock clk rise edge)        0.000     0.000 r  
    D14                                               0.000     0.000 r  clk (IN)
                         net (fo=0)                   0.000     0.000    clk
    D14                  IBUF (Prop_ibuf_I_O)         0.406     0.406 r  clk_IBUF_inst/O
                         net (fo=1, routed)           0.689     1.095    clk_IBUF
    BUFGCTRL_X0Y0        BUFG (Prop_bufg_I_O)         0.029     1.124 r  clk_IBUF_BUFG_inst/O
                         net (fo=692, routed)         0.922     2.046    conv_block4/clk_IBUF_BUFG
    DSP48_X0Y23          DSP48E1                                      r  conv_block4/gen_row[1].gen_col[2].mul_data_reg[1][2]/CLK
                         clock pessimism             -0.247     1.799    
    DSP48_X0Y23          DSP48E1 (Hold_dsp48e1_CLK_B[11])
                                                      0.082     1.881    conv_block4/gen_row[1].gen_col[2].mul_data_reg[1][2]
  -------------------------------------------------------------------
                         required time                         -1.881    
                         arrival time                           2.027    
  -------------------------------------------------------------------
                         slack                                  0.146    

Slack (MET) :             0.150ns  (arrival time - required time)
  Source:                 kern_buf/kernel_mat_reg[15]_rep__0/C
                            (rising edge-triggered cell FDCE clocked by clk  {rise@0.000ns fall@2.500ns period=5.000ns})
  Destination:            conv_block4/genblk2[2].sum_rows_reg_reg[2]/B[8]
                            (rising edge-triggered cell DSP48E1 clocked by clk  {rise@0.000ns fall@2.500ns period=5.000ns})
  Path Group:             clk
  Path Type:              Hold (Min at Fast Process Corner)
  Requirement:            0.000ns  (clk rise@0.000ns - clk rise@0.000ns)
  Data Path Delay:        0.340ns  (logic 0.141ns (41.515%)  route 0.199ns (58.485%))
  Logic Levels:           0  
  Clock Path Skew:        0.108ns (DCD - SCD - CPR)
    Destination Clock Delay (DCD):    2.047ns
    Source Clock Delay      (SCD):    1.439ns
    Clock Pessimism Removal (CPR):    0.501ns

    Location             Delay type                Incr(ns)  Path(ns)    Netlist Resource(s)
  -------------------------------------------------------------------    -------------------
                         (clock clk rise edge)        0.000     0.000 r  
    D14                                               0.000     0.000 r  clk (IN)
                         net (fo=0)                   0.000     0.000    clk
    D14                  IBUF (Prop_ibuf_I_O)         0.217     0.217 r  clk_IBUF_inst/O
                         net (fo=1, routed)           0.634     0.851    clk_IBUF
    BUFGCTRL_X0Y0        BUFG (Prop_bufg_I_O)         0.026     0.877 r  clk_IBUF_BUFG_inst/O
                         net (fo=692, routed)         0.562     1.439    kern_buf/clk_IBUF_BUFG
    SLICE_X11Y13         FDCE                                         r  kern_buf/kernel_mat_reg[15]_rep__0/C
  -------------------------------------------------------------------    -------------------
    SLICE_X11Y13         FDCE (Prop_fdce_C_Q)         0.141     1.580 r  kern_buf/kernel_mat_reg[15]_rep__0/Q
                         net (fo=4, routed)           0.199     1.779    conv_block4/genblk2[2].sum_rows_reg_reg[2]_0[0]
    DSP48_X0Y4           DSP48E1                                      r  conv_block4/genblk2[2].sum_rows_reg_reg[2]/B[8]
  -------------------------------------------------------------------    -------------------

                         (clock clk rise edge)        0.000     0.000 r  
    D14                                               0.000     0.000 r  clk (IN)
                         net (fo=0)                   0.000     0.000    clk
    D14                  IBUF (Prop_ibuf_I_O)         0.406     0.406 r  clk_IBUF_inst/O
                         net (fo=1, routed)           0.689     1.095    clk_IBUF
    BUFGCTRL_X0Y0        BUFG (Prop_bufg_I_O)         0.029     1.124 r  clk_IBUF_BUFG_inst/O
                         net (fo=692, routed)         0.923     2.047    conv_block4/clk_IBUF_BUFG
    DSP48_X0Y4           DSP48E1                                      r  conv_block4/genblk2[2].sum_rows_reg_reg[2]/CLK
                         clock pessimism             -0.501     1.546    
    DSP48_X0Y4           DSP48E1 (Hold_dsp48e1_CLK_B[8])
                                                      0.082     1.628    conv_block4/genblk2[2].sum_rows_reg_reg[2]
  -------------------------------------------------------------------
                         required time                         -1.628    
                         arrival time                           1.779    
  -------------------------------------------------------------------
                         slack                                  0.150    

Slack (MET) :             0.153ns  (arrival time - required time)
  Source:                 kern_buf/kernel_mat_reg[7]_rep__1/C
                            (rising edge-triggered cell FDCE clocked by clk  {rise@0.000ns fall@2.500ns period=5.000ns})
  Destination:            conv_block4/gen_row[2].gen_col[2].mul_data_reg[2][2]/B[11]
                            (rising edge-triggered cell DSP48E1 clocked by clk  {rise@0.000ns fall@2.500ns period=5.000ns})
  Path Group:             clk
  Path Type:              Hold (Min at Fast Process Corner)
  Requirement:            0.000ns  (clk rise@0.000ns - clk rise@0.000ns)
  Data Path Delay:        0.342ns  (logic 0.141ns (41.240%)  route 0.201ns (58.760%))
  Logic Levels:           0  
  Clock Path Skew:        0.107ns (DCD - SCD - CPR)
    Destination Clock Delay (DCD):    2.049ns
    Source Clock Delay      (SCD):    1.442ns
    Clock Pessimism Removal (CPR):    0.501ns

    Location             Delay type                Incr(ns)  Path(ns)    Netlist Resource(s)
  -------------------------------------------------------------------    -------------------
                         (clock clk rise edge)        0.000     0.000 r  
    D14                                               0.000     0.000 r  clk (IN)
                         net (fo=0)                   0.000     0.000    clk
    D14                  IBUF (Prop_ibuf_I_O)         0.217     0.217 r  clk_IBUF_inst/O
                         net (fo=1, routed)           0.634     0.851    clk_IBUF
    BUFGCTRL_X0Y0        BUFG (Prop_bufg_I_O)         0.026     0.877 r  clk_IBUF_BUFG_inst/O
                         net (fo=692, routed)         0.565     1.442    kern_buf/clk_IBUF_BUFG
    SLICE_X11Y7          FDCE                                         r  kern_buf/kernel_mat_reg[7]_rep__1/C
  -------------------------------------------------------------------    -------------------
    SLICE_X11Y7          FDCE (Prop_fdce_C_Q)         0.141     1.583 r  kern_buf/kernel_mat_reg[7]_rep__1/Q
                         net (fo=4, routed)           0.201     1.784    conv_block4/gen_row[2].gen_col[2].mul_data_reg[2][2]_0[1]
    DSP48_X0Y2           DSP48E1                                      r  conv_block4/gen_row[2].gen_col[2].mul_data_reg[2][2]/B[11]
  -------------------------------------------------------------------    -------------------

                         (clock clk rise edge)        0.000     0.000 r  
    D14                                               0.000     0.000 r  clk (IN)
                         net (fo=0)                   0.000     0.000    clk
    D14                  IBUF (Prop_ibuf_I_O)         0.406     0.406 r  clk_IBUF_inst/O
                         net (fo=1, routed)           0.689     1.095    clk_IBUF
    BUFGCTRL_X0Y0        BUFG (Prop_bufg_I_O)         0.029     1.124 r  clk_IBUF_BUFG_inst/O
                         net (fo=692, routed)         0.925     2.049    conv_block4/clk_IBUF_BUFG
    DSP48_X0Y2           DSP48E1                                      r  conv_block4/gen_row[2].gen_col[2].mul_data_reg[2][2]/CLK
                         clock pessimism             -0.501     1.548    
    DSP48_X0Y2           DSP48E1 (Hold_dsp48e1_CLK_B[11])
                                                      0.082     1.630    conv_block4/gen_row[2].gen_col[2].mul_data_reg[2][2]
  -------------------------------------------------------------------
                         required time                         -1.630    
                         arrival time                           1.784    
  -------------------------------------------------------------------
                         slack                                  0.153    

Slack (MET) :             0.154ns  (arrival time - required time)
  Source:                 wen_1_reg/C
                            (rising edge-triggered cell FDCE clocked by clk  {rise@0.000ns fall@2.500ns period=5.000ns})
  Destination:            wen_reg/D
                            (rising edge-triggered cell FDCE clocked by clk  {rise@0.000ns fall@2.500ns period=5.000ns})
  Path Group:             clk
  Path Type:              Hold (Min at Fast Process Corner)
  Requirement:            0.000ns  (clk rise@0.000ns - clk rise@0.000ns)
  Data Path Delay:        0.244ns  (logic 0.141ns (57.830%)  route 0.103ns (42.170%))
  Logic Levels:           0  
  Clock Path Skew:        0.015ns (DCD - SCD - CPR)
    Destination Clock Delay (DCD):    1.977ns
    Source Clock Delay      (SCD):    1.460ns
    Clock Pessimism Removal (CPR):    0.502ns

    Location             Delay type                Incr(ns)  Path(ns)    Netlist Resource(s)
  -------------------------------------------------------------------    -------------------
                         (clock clk rise edge)        0.000     0.000 r  
    D14                                               0.000     0.000 r  clk (IN)
                         net (fo=0)                   0.000     0.000    clk
    D14                  IBUF (Prop_ibuf_I_O)         0.217     0.217 r  clk_IBUF_inst/O
                         net (fo=1, routed)           0.634     0.851    clk_IBUF
    BUFGCTRL_X0Y0        BUFG (Prop_bufg_I_O)         0.026     0.877 r  clk_IBUF_BUFG_inst/O
                         net (fo=692, routed)         0.583     1.460    clk_IBUF_BUFG
    SLICE_X0Y23          FDCE                                         r  wen_1_reg/C
  -------------------------------------------------------------------    -------------------
    SLICE_X0Y23          FDCE (Prop_fdce_C_Q)         0.141     1.601 r  wen_1_reg/Q
                         net (fo=1, routed)           0.103     1.704    wen_1
    SLICE_X3Y22          FDCE                                         r  wen_reg/D
  -------------------------------------------------------------------    -------------------

                         (clock clk rise edge)        0.000     0.000 r  
    D14                                               0.000     0.000 r  clk (IN)
                         net (fo=0)                   0.000     0.000    clk
    D14                  IBUF (Prop_ibuf_I_O)         0.406     0.406 r  clk_IBUF_inst/O
                         net (fo=1, routed)           0.689     1.095    clk_IBUF
    BUFGCTRL_X0Y0        BUFG (Prop_bufg_I_O)         0.029     1.124 r  clk_IBUF_BUFG_inst/O
                         net (fo=692, routed)         0.853     1.977    clk_IBUF_BUFG
    SLICE_X3Y22          FDCE                                         r  wen_reg/C
                         clock pessimism             -0.502     1.475    
    SLICE_X3Y22          FDCE (Hold_fdce_C_D)         0.075     1.550    wen_reg
  -------------------------------------------------------------------
                         required time                         -1.550    
                         arrival time                           1.704    
  -------------------------------------------------------------------
                         slack                                  0.154    

Slack (MET) :             0.154ns  (arrival time - required time)
  Source:                 kern_buf/kernel_mat_reg[7]_rep__0/C
                            (rising edge-triggered cell FDCE clocked by clk  {rise@0.000ns fall@2.500ns period=5.000ns})
  Destination:            conv_block4/gen_row[2].gen_col[2].mul_data_reg[2][2]/B[7]
                            (rising edge-triggered cell DSP48E1 clocked by clk  {rise@0.000ns fall@2.500ns period=5.000ns})
  Path Group:             clk
  Path Type:              Hold (Min at Fast Process Corner)
  Requirement:            0.000ns  (clk rise@0.000ns - clk rise@0.000ns)
  Data Path Delay:        0.342ns  (logic 0.141ns (41.240%)  route 0.201ns (58.760%))
  Logic Levels:           0  
  Clock Path Skew:        0.106ns (DCD - SCD - CPR)
    Destination Clock Delay (DCD):    2.049ns
    Source Clock Delay      (SCD):    1.443ns
    Clock Pessimism Removal (CPR):    0.501ns

    Location             Delay type                Incr(ns)  Path(ns)    Netlist Resource(s)
  -------------------------------------------------------------------    -------------------
                         (clock clk rise edge)        0.000     0.000 r  
    D14                                               0.000     0.000 r  clk (IN)
                         net (fo=0)                   0.000     0.000    clk
    D14                  IBUF (Prop_ibuf_I_O)         0.217     0.217 r  clk_IBUF_inst/O
                         net (fo=1, routed)           0.634     0.851    clk_IBUF
    BUFGCTRL_X0Y0        BUFG (Prop_bufg_I_O)         0.026     0.877 r  clk_IBUF_BUFG_inst/O
                         net (fo=692, routed)         0.566     1.443    kern_buf/clk_IBUF_BUFG
    SLICE_X11Y6          FDCE                                         r  kern_buf/kernel_mat_reg[7]_rep__0/C
  -------------------------------------------------------------------    -------------------
    SLICE_X11Y6          FDCE (Prop_fdce_C_Q)         0.141     1.584 r  kern_buf/kernel_mat_reg[7]_rep__0/Q
                         net (fo=4, routed)           0.201     1.785    conv_block4/gen_row[2].gen_col[2].mul_data_reg[2][2]_0[0]
    DSP48_X0Y2           DSP48E1                                      r  conv_block4/gen_row[2].gen_col[2].mul_data_reg[2][2]/B[7]
  -------------------------------------------------------------------    -------------------

                         (clock clk rise edge)        0.000     0.000 r  
    D14                                               0.000     0.000 r  clk (IN)
                         net (fo=0)                   0.000     0.000    clk
    D14                  IBUF (Prop_ibuf_I_O)         0.406     0.406 r  clk_IBUF_inst/O
                         net (fo=1, routed)           0.689     1.095    clk_IBUF
    BUFGCTRL_X0Y0        BUFG (Prop_bufg_I_O)         0.029     1.124 r  clk_IBUF_BUFG_inst/O
                         net (fo=692, routed)         0.925     2.049    conv_block4/clk_IBUF_BUFG
    DSP48_X0Y2           DSP48E1                                      r  conv_block4/gen_row[2].gen_col[2].mul_data_reg[2][2]/CLK
                         clock pessimism             -0.501     1.548    
    DSP48_X0Y2           DSP48E1 (Hold_dsp48e1_CLK_B[7])
                                                      0.082     1.630    conv_block4/gen_row[2].gen_col[2].mul_data_reg[2][2]
  -------------------------------------------------------------------
                         required time                         -1.630    
                         arrival time                           1.785    
  -------------------------------------------------------------------
                         slack                                  0.154    

Slack (MET) :             0.159ns  (arrival time - required time)
  Source:                 wdata_1_reg[21]/C
                            (rising edge-triggered cell FDCE clocked by clk  {rise@0.000ns fall@2.500ns period=5.000ns})
  Destination:            wdata_reg[21]/D
                            (rising edge-triggered cell FDCE clocked by clk  {rise@0.000ns fall@2.500ns period=5.000ns})
  Path Group:             clk
  Path Type:              Hold (Min at Fast Process Corner)
  Requirement:            0.000ns  (clk rise@0.000ns - clk rise@0.000ns)
  Data Path Delay:        0.261ns  (logic 0.141ns (54.060%)  route 0.120ns (45.940%))
  Logic Levels:           0  
  Clock Path Skew:        0.032ns (DCD - SCD - CPR)
    Destination Clock Delay (DCD):    1.975ns
    Source Clock Delay      (SCD):    1.462ns
    Clock Pessimism Removal (CPR):    0.481ns

    Location             Delay type                Incr(ns)  Path(ns)    Netlist Resource(s)
  -------------------------------------------------------------------    -------------------
                         (clock clk rise edge)        0.000     0.000 r  
    D14                                               0.000     0.000 r  clk (IN)
                         net (fo=0)                   0.000     0.000    clk
    D14                  IBUF (Prop_ibuf_I_O)         0.217     0.217 r  clk_IBUF_inst/O
                         net (fo=1, routed)           0.634     0.851    clk_IBUF
    BUFGCTRL_X0Y0        BUFG (Prop_bufg_I_O)         0.026     0.877 r  clk_IBUF_BUFG_inst/O
                         net (fo=692, routed)         0.585     1.462    clk_IBUF_BUFG
    SLICE_X0Y22          FDCE                                         r  wdata_1_reg[21]/C
  -------------------------------------------------------------------    -------------------
    SLICE_X0Y22          FDCE (Prop_fdce_C_Q)         0.141     1.603 r  wdata_1_reg[21]/Q
                         net (fo=1, routed)           0.120     1.723    wdata_1[21]
    SLICE_X5Y22          FDCE                                         r  wdata_reg[21]/D
  -------------------------------------------------------------------    -------------------

                         (clock clk rise edge)        0.000     0.000 r  
    D14                                               0.000     0.000 r  clk (IN)
                         net (fo=0)                   0.000     0.000    clk
    D14                  IBUF (Prop_ibuf_I_O)         0.406     0.406 r  clk_IBUF_inst/O
                         net (fo=1, routed)           0.689     1.095    clk_IBUF
    BUFGCTRL_X0Y0        BUFG (Prop_bufg_I_O)         0.029     1.124 r  clk_IBUF_BUFG_inst/O
                         net (fo=692, routed)         0.851     1.975    clk_IBUF_BUFG
    SLICE_X5Y22          FDCE                                         r  wdata_reg[21]/C
                         clock pessimism             -0.481     1.494    
    SLICE_X5Y22          FDCE (Hold_fdce_C_D)         0.070     1.564    wdata_reg[21]
  -------------------------------------------------------------------
                         required time                         -1.564    
                         arrival time                           1.723    
  -------------------------------------------------------------------
                         slack                                  0.159    

Slack (MET) :             0.161ns  (arrival time - required time)
  Source:                 kern_buf/kernel_mat_reg[65]/C
                            (rising edge-triggered cell FDCE clocked by clk  {rise@0.000ns fall@2.500ns period=5.000ns})
  Destination:            conv_block1/p_1_out/B[1]
                            (rising edge-triggered cell DSP48E1 clocked by clk  {rise@0.000ns fall@2.500ns period=5.000ns})
  Path Group:             clk
  Path Type:              Hold (Min at Fast Process Corner)
  Requirement:            0.000ns  (clk rise@0.000ns - clk rise@0.000ns)
  Data Path Delay:        0.367ns  (logic 0.141ns (38.458%)  route 0.226ns (61.542%))
  Logic Levels:           0  
  Clock Path Skew:        0.124ns (DCD - SCD - CPR)
    Destination Clock Delay (DCD):    2.040ns
    Source Clock Delay      (SCD):    1.436ns
    Clock Pessimism Removal (CPR):    0.481ns

    Location             Delay type                Incr(ns)  Path(ns)    Netlist Resource(s)
  -------------------------------------------------------------------    -------------------
                         (clock clk rise edge)        0.000     0.000 r  
    D14                                               0.000     0.000 r  clk (IN)
                         net (fo=0)                   0.000     0.000    clk
    D14                  IBUF (Prop_ibuf_I_O)         0.217     0.217 r  clk_IBUF_inst/O
                         net (fo=1, routed)           0.634     0.851    clk_IBUF
    BUFGCTRL_X0Y0        BUFG (Prop_bufg_I_O)         0.026     0.877 r  clk_IBUF_BUFG_inst/O
                         net (fo=692, routed)         0.559     1.436    kern_buf/clk_IBUF_BUFG
    SLICE_X13Y31         FDCE                                         r  kern_buf/kernel_mat_reg[65]/C
  -------------------------------------------------------------------    -------------------
    SLICE_X13Y31         FDCE (Prop_fdce_C_Q)         0.141     1.577 r  kern_buf/kernel_mat_reg[65]/Q
                         net (fo=4, routed)           0.226     1.803    conv_block1/kernel[65]
    DSP48_X0Y12          DSP48E1                                      r  conv_block1/p_1_out/B[1]
  -------------------------------------------------------------------    -------------------

                         (clock clk rise edge)        0.000     0.000 r  
    D14                                               0.000     0.000 r  clk (IN)
                         net (fo=0)                   0.000     0.000    clk
    D14                  IBUF (Prop_ibuf_I_O)         0.406     0.406 r  clk_IBUF_inst/O
                         net (fo=1, routed)           0.689     1.095    clk_IBUF
    BUFGCTRL_X0Y0        BUFG (Prop_bufg_I_O)         0.029     1.124 r  clk_IBUF_BUFG_inst/O
                         net (fo=692, routed)         0.916     2.040    conv_block1/clk_IBUF_BUFG
    DSP48_X0Y12          DSP48E1                                      r  conv_block1/p_1_out/CLK
                         clock pessimism             -0.481     1.559    
    DSP48_X0Y12          DSP48E1 (Hold_dsp48e1_CLK_B[1])
                                                      0.082     1.641    conv_block1/p_1_out
  -------------------------------------------------------------------
                         required time                         -1.641    
                         arrival time                           1.803    
  -------------------------------------------------------------------
                         slack                                  0.161    

Slack (MET) :             0.161ns  (arrival time - required time)
  Source:                 kern_buf/kernel_mat_reg[66]/C
                            (rising edge-triggered cell FDCE clocked by clk  {rise@0.000ns fall@2.500ns period=5.000ns})
  Destination:            conv_block1/p_1_out/B[2]
                            (rising edge-triggered cell DSP48E1 clocked by clk  {rise@0.000ns fall@2.500ns period=5.000ns})
  Path Group:             clk
  Path Type:              Hold (Min at Fast Process Corner)
  Requirement:            0.000ns  (clk rise@0.000ns - clk rise@0.000ns)
  Data Path Delay:        0.367ns  (logic 0.141ns (38.458%)  route 0.226ns (61.542%))
  Logic Levels:           0  
  Clock Path Skew:        0.124ns (DCD - SCD - CPR)
    Destination Clock Delay (DCD):    2.040ns
    Source Clock Delay      (SCD):    1.436ns
    Clock Pessimism Removal (CPR):    0.481ns

    Location             Delay type                Incr(ns)  Path(ns)    Netlist Resource(s)
  -------------------------------------------------------------------    -------------------
                         (clock clk rise edge)        0.000     0.000 r  
    D14                                               0.000     0.000 r  clk (IN)
                         net (fo=0)                   0.000     0.000    clk
    D14                  IBUF (Prop_ibuf_I_O)         0.217     0.217 r  clk_IBUF_inst/O
                         net (fo=1, routed)           0.634     0.851    clk_IBUF
    BUFGCTRL_X0Y0        BUFG (Prop_bufg_I_O)         0.026     0.877 r  clk_IBUF_BUFG_inst/O
                         net (fo=692, routed)         0.559     1.436    kern_buf/clk_IBUF_BUFG
    SLICE_X13Y31         FDCE                                         r  kern_buf/kernel_mat_reg[66]/C
  -------------------------------------------------------------------    -------------------
    SLICE_X13Y31         FDCE (Prop_fdce_C_Q)         0.141     1.577 r  kern_buf/kernel_mat_reg[66]/Q
                         net (fo=4, routed)           0.226     1.803    conv_block1/kernel[66]
    DSP48_X0Y12          DSP48E1                                      r  conv_block1/p_1_out/B[2]
  -------------------------------------------------------------------    -------------------

                         (clock clk rise edge)        0.000     0.000 r  
    D14                                               0.000     0.000 r  clk (IN)
                         net (fo=0)                   0.000     0.000    clk
    D14                  IBUF (Prop_ibuf_I_O)         0.406     0.406 r  clk_IBUF_inst/O
                         net (fo=1, routed)           0.689     1.095    clk_IBUF
    BUFGCTRL_X0Y0        BUFG (Prop_bufg_I_O)         0.029     1.124 r  clk_IBUF_BUFG_inst/O
                         net (fo=692, routed)         0.916     2.040    conv_block1/clk_IBUF_BUFG
    DSP48_X0Y12          DSP48E1                                      r  conv_block1/p_1_out/CLK
                         clock pessimism             -0.481     1.559    
    DSP48_X0Y12          DSP48E1 (Hold_dsp48e1_CLK_B[2])
                                                      0.082     1.641    conv_block1/p_1_out
  -------------------------------------------------------------------
                         required time                         -1.641    
                         arrival time                           1.803    
  -------------------------------------------------------------------
                         slack                                  0.161    

Slack (MET) :             0.162ns  (arrival time - required time)
  Source:                 kern_buf/kernel_mat_reg[7]_rep__0/C
                            (rising edge-triggered cell FDCE clocked by clk  {rise@0.000ns fall@2.500ns period=5.000ns})
  Destination:            conv_block4/gen_row[2].gen_col[2].mul_data_reg[2][2]/B[9]
                            (rising edge-triggered cell DSP48E1 clocked by clk  {rise@0.000ns fall@2.500ns period=5.000ns})
  Path Group:             clk
  Path Type:              Hold (Min at Fast Process Corner)
  Requirement:            0.000ns  (clk rise@0.000ns - clk rise@0.000ns)
  Data Path Delay:        0.349ns  (logic 0.141ns (40.387%)  route 0.208ns (59.613%))
  Logic Levels:           0  
  Clock Path Skew:        0.106ns (DCD - SCD - CPR)
    Destination Clock Delay (DCD):    2.049ns
    Source Clock Delay      (SCD):    1.443ns
    Clock Pessimism Removal (CPR):    0.501ns

    Location             Delay type                Incr(ns)  Path(ns)    Netlist Resource(s)
  -------------------------------------------------------------------    -------------------
                         (clock clk rise edge)        0.000     0.000 r  
    D14                                               0.000     0.000 r  clk (IN)
                         net (fo=0)                   0.000     0.000    clk
    D14                  IBUF (Prop_ibuf_I_O)         0.217     0.217 r  clk_IBUF_inst/O
                         net (fo=1, routed)           0.634     0.851    clk_IBUF
    BUFGCTRL_X0Y0        BUFG (Prop_bufg_I_O)         0.026     0.877 r  clk_IBUF_BUFG_inst/O
                         net (fo=692, routed)         0.566     1.443    kern_buf/clk_IBUF_BUFG
    SLICE_X11Y6          FDCE                                         r  kern_buf/kernel_mat_reg[7]_rep__0/C
  -------------------------------------------------------------------    -------------------
    SLICE_X11Y6          FDCE (Prop_fdce_C_Q)         0.141     1.584 r  kern_buf/kernel_mat_reg[7]_rep__0/Q
                         net (fo=4, routed)           0.208     1.792    conv_block4/gen_row[2].gen_col[2].mul_data_reg[2][2]_0[0]
    DSP48_X0Y2           DSP48E1                                      r  conv_block4/gen_row[2].gen_col[2].mul_data_reg[2][2]/B[9]
  -------------------------------------------------------------------    -------------------

                         (clock clk rise edge)        0.000     0.000 r  
    D14                                               0.000     0.000 r  clk (IN)
                         net (fo=0)                   0.000     0.000    clk
    D14                  IBUF (Prop_ibuf_I_O)         0.406     0.406 r  clk_IBUF_inst/O
                         net (fo=1, routed)           0.689     1.095    clk_IBUF
    BUFGCTRL_X0Y0        BUFG (Prop_bufg_I_O)         0.029     1.124 r  clk_IBUF_BUFG_inst/O
                         net (fo=692, routed)         0.925     2.049    conv_block4/clk_IBUF_BUFG
    DSP48_X0Y2           DSP48E1                                      r  conv_block4/gen_row[2].gen_col[2].mul_data_reg[2][2]/CLK
                         clock pessimism             -0.501     1.548    
    DSP48_X0Y2           DSP48E1 (Hold_dsp48e1_CLK_B[9])
                                                      0.082     1.630    conv_block4/gen_row[2].gen_col[2].mul_data_reg[2][2]
  -------------------------------------------------------------------
                         required time                         -1.630    
                         arrival time                           1.792    
  -------------------------------------------------------------------
                         slack                                  0.162    

Slack (MET) :             0.166ns  (arrival time - required time)
  Source:                 wdata_1_reg[25]/C
                            (rising edge-triggered cell FDCE clocked by clk  {rise@0.000ns fall@2.500ns period=5.000ns})
  Destination:            wdata_reg[25]/D
                            (rising edge-triggered cell FDCE clocked by clk  {rise@0.000ns fall@2.500ns period=5.000ns})
  Path Group:             clk
  Path Type:              Hold (Min at Fast Process Corner)
  Requirement:            0.000ns  (clk rise@0.000ns - clk rise@0.000ns)
  Data Path Delay:        0.257ns  (logic 0.141ns (54.812%)  route 0.116ns (45.188%))
  Logic Levels:           0  
  Clock Path Skew:        0.032ns (DCD - SCD - CPR)
    Destination Clock Delay (DCD):    1.975ns
    Source Clock Delay      (SCD):    1.462ns
    Clock Pessimism Removal (CPR):    0.481ns

    Location             Delay type                Incr(ns)  Path(ns)    Netlist Resource(s)
  -------------------------------------------------------------------    -------------------
                         (clock clk rise edge)        0.000     0.000 r  
    D14                                               0.000     0.000 r  clk (IN)
                         net (fo=0)                   0.000     0.000    clk
    D14                  IBUF (Prop_ibuf_I_O)         0.217     0.217 r  clk_IBUF_inst/O
                         net (fo=1, routed)           0.634     0.851    clk_IBUF
    BUFGCTRL_X0Y0        BUFG (Prop_bufg_I_O)         0.026     0.877 r  clk_IBUF_BUFG_inst/O
                         net (fo=692, routed)         0.585     1.462    clk_IBUF_BUFG
    SLICE_X3Y27          FDCE                                         r  wdata_1_reg[25]/C
  -------------------------------------------------------------------    -------------------
    SLICE_X3Y27          FDCE (Prop_fdce_C_Q)         0.141     1.603 r  wdata_1_reg[25]/Q
                         net (fo=1, routed)           0.116     1.719    wdata_1[25]
    SLICE_X6Y27          FDCE                                         r  wdata_reg[25]/D
  -------------------------------------------------------------------    -------------------

                         (clock clk rise edge)        0.000     0.000 r  
    D14                                               0.000     0.000 r  clk (IN)
                         net (fo=0)                   0.000     0.000    clk
    D14                  IBUF (Prop_ibuf_I_O)         0.406     0.406 r  clk_IBUF_inst/O
                         net (fo=1, routed)           0.689     1.095    clk_IBUF
    BUFGCTRL_X0Y0        BUFG (Prop_bufg_I_O)         0.029     1.124 r  clk_IBUF_BUFG_inst/O
                         net (fo=692, routed)         0.851     1.975    clk_IBUF_BUFG
    SLICE_X6Y27          FDCE                                         r  wdata_reg[25]/C
                         clock pessimism             -0.481     1.494    
    SLICE_X6Y27          FDCE (Hold_fdce_C_D)         0.059     1.553    wdata_reg[25]
  -------------------------------------------------------------------
                         required time                         -1.553    
                         arrival time                           1.719    
  -------------------------------------------------------------------
                         slack                                  0.166    





Pulse Width Checks
--------------------------------------------------------------------------------------
Clock Name:         clk
Waveform(ns):       { 0.000 2.500 }
Period(ns):         5.000
Sources:            { clk }

Check Type        Corner  Lib Pin      Reference Pin  Required(ns)  Actual(ns)  Slack(ns)  Location      Pin
Min Period        n/a     DSP48E1/CLK  n/a            3.884         5.000       1.116      DSP48_X0Y11   conv_block1/gen_row[0].gen_col[2].mul_data_reg[0][2]/CLK
Min Period        n/a     DSP48E1/CLK  n/a            3.884         5.000       1.116      DSP48_X0Y8    conv_block1/gen_row[1].gen_col[2].mul_data_reg[1][2]/CLK
Min Period        n/a     DSP48E1/CLK  n/a            3.884         5.000       1.116      DSP48_X0Y5    conv_block1/gen_row[2].gen_col[2].mul_data_reg[2][2]/CLK
Min Period        n/a     DSP48E1/CLK  n/a            3.884         5.000       1.116      DSP48_X1Y17   conv_block2/gen_row[0].gen_col[2].mul_data_reg[0][2]/CLK
Min Period        n/a     DSP48E1/CLK  n/a            3.884         5.000       1.116      DSP48_X1Y12   conv_block2/gen_row[1].gen_col[2].mul_data_reg[1][2]/CLK
Min Period        n/a     DSP48E1/CLK  n/a            3.884         5.000       1.116      DSP48_X0Y19   conv_block2/gen_row[2].gen_col[2].mul_data_reg[2][2]/CLK
Min Period        n/a     DSP48E1/CLK  n/a            3.884         5.000       1.116      DSP48_X1Y8    conv_block3/gen_row[0].gen_col[2].mul_data_reg[0][2]/CLK
Min Period        n/a     DSP48E1/CLK  n/a            3.884         5.000       1.116      DSP48_X1Y5    conv_block3/gen_row[1].gen_col[2].mul_data_reg[1][2]/CLK
Min Period        n/a     DSP48E1/CLK  n/a            3.884         5.000       1.116      DSP48_X1Y2    conv_block3/gen_row[2].gen_col[2].mul_data_reg[2][2]/CLK
Min Period        n/a     DSP48E1/CLK  n/a            3.884         5.000       1.116      DSP48_X0Y15   conv_block4/gen_row[0].gen_col[2].mul_data_reg[0][2]/CLK
Low Pulse Width   Slow    FDCE/C       n/a            0.500         2.500       2.000      SLICE_X13Y34  err_reg/C
Low Pulse Width   Fast    FDCE/C       n/a            0.500         2.500       2.000      SLICE_X13Y34  err_reg/C
Low Pulse Width   Slow    FDCE/C       n/a            0.500         2.500       2.000      SLICE_X3Y20   load_kernel_1_reg/C
Low Pulse Width   Fast    FDCE/C       n/a            0.500         2.500       2.000      SLICE_X3Y20   load_kernel_1_reg/C
Low Pulse Width   Slow    FDCE/C       n/a            0.500         2.500       2.000      SLICE_X6Y20   load_kernel_reg/C
Low Pulse Width   Fast    FDCE/C       n/a            0.500         2.500       2.000      SLICE_X6Y20   load_kernel_reg/C
Low Pulse Width   Slow    FDCE/C       n/a            0.500         2.500       2.000      SLICE_X14Y32  output_pixel_reg[0]/C
Low Pulse Width   Fast    FDCE/C       n/a            0.500         2.500       2.000      SLICE_X14Y32  output_pixel_reg[0]/C
Low Pulse Width   Slow    FDCE/C       n/a            0.500         2.500       2.000      SLICE_X35Y31  output_pixel_reg[10]/C
Low Pulse Width   Fast    FDCE/C       n/a            0.500         2.500       2.000      SLICE_X35Y31  output_pixel_reg[10]/C
High Pulse Width  Slow    FDCE/C       n/a            0.500         2.500       2.000      SLICE_X13Y34  err_reg/C
High Pulse Width  Fast    FDCE/C       n/a            0.500         2.500       2.000      SLICE_X13Y34  err_reg/C
High Pulse Width  Slow    FDCE/C       n/a            0.500         2.500       2.000      SLICE_X3Y20   load_kernel_1_reg/C
High Pulse Width  Fast    FDCE/C       n/a            0.500         2.500       2.000      SLICE_X3Y20   load_kernel_1_reg/C
High Pulse Width  Slow    FDCE/C       n/a            0.500         2.500       2.000      SLICE_X6Y20   load_kernel_reg/C
High Pulse Width  Fast    FDCE/C       n/a            0.500         2.500       2.000      SLICE_X6Y20   load_kernel_reg/C
High Pulse Width  Slow    FDCE/C       n/a            0.500         2.500       2.000      SLICE_X14Y32  output_pixel_reg[0]/C
High Pulse Width  Fast    FDCE/C       n/a            0.500         2.500       2.000      SLICE_X14Y32  output_pixel_reg[0]/C
High Pulse Width  Slow    FDCE/C       n/a            0.500         2.500       2.000      SLICE_X35Y31  output_pixel_reg[10]/C
High Pulse Width  Fast    FDCE/C       n/a            0.500         2.500       2.000      SLICE_X35Y31  output_pixel_reg[10]/C



--------------------------------------------------------------------------------------
Path Group:  (none)
From Clock:  clk
  To Clock:  

Max Delay            34 Endpoints
Min Delay            34 Endpoints
--------------------------------------------------------------------------------------


Max Delay Paths
--------------------------------------------------------------------------------------
Slack:                    inf
  Source:                 output_pixel_reg[7]/C
                            (rising edge-triggered cell FDCE clocked by clk  {rise@0.000ns fall@2.500ns period=5.000ns})
  Destination:            output_pixel[7]
                            (output port)
  Path Group:             (none)
  Path Type:              Max at Slow Process Corner
  Data Path Delay:        7.185ns  (logic 3.265ns (45.437%)  route 3.920ns (54.563%))
  Logic Levels:           1  (OBUF=1)
  Clock Uncertainty:      0.025ns  ((TSJ^2 + TIJ^2)^1/2 + DJ) / 2 + PE
    Total System Jitter     (TSJ):    0.050ns
    Total Input Jitter      (TIJ):    0.000ns
    Discrete Jitter          (DJ):    0.000ns
    Phase Error              (PE):    0.000ns

    Location             Delay type                Incr(ns)  Path(ns)    Netlist Resource(s)
  -------------------------------------------------------------------    -------------------
                         (clock clk rise edge)        0.000     0.000 r  
    D14                                               0.000     0.000 r  clk (IN)
                         net (fo=0)                   0.000     0.000    clk
    D14                  IBUF (Prop_ibuf_I_O)         0.989     0.989 r  clk_IBUF_inst/O
                         net (fo=1, routed)           1.972     2.960    clk_IBUF
    BUFGCTRL_X0Y0        BUFG (Prop_bufg_I_O)         0.096     3.056 r  clk_IBUF_BUFG_inst/O
                         net (fo=692, routed)         1.560     4.617    clk_IBUF_BUFG
    SLICE_X14Y32         FDCE                                         r  output_pixel_reg[7]/C
  -------------------------------------------------------------------    -------------------
    SLICE_X14Y32         FDCE (Prop_fdce_C_Q)         0.478     5.095 r  output_pixel_reg[7]/Q
                         net (fo=1, routed)           3.920     9.015    output_pixel_OBUF[7]
    P3                   OBUF (Prop_obuf_I_O)         2.787    11.802 r  output_pixel_OBUF[7]_inst/O
                         net (fo=0)                   0.000    11.802    output_pixel[7]
    P3                                                                r  output_pixel[7] (OUT)
  -------------------------------------------------------------------    -------------------

Slack:                    inf
  Source:                 output_pixel_reg[0]/C
                            (rising edge-triggered cell FDCE clocked by clk  {rise@0.000ns fall@2.500ns period=5.000ns})
  Destination:            output_pixel[0]
                            (output port)
  Path Group:             (none)
  Path Type:              Max at Slow Process Corner
  Data Path Delay:        7.136ns  (logic 3.092ns (43.328%)  route 4.044ns (56.672%))
  Logic Levels:           1  (OBUF=1)
  Clock Uncertainty:      0.025ns  ((TSJ^2 + TIJ^2)^1/2 + DJ) / 2 + PE
    Total System Jitter     (TSJ):    0.050ns
    Total Input Jitter      (TIJ):    0.000ns
    Discrete Jitter          (DJ):    0.000ns
    Phase Error              (PE):    0.000ns

    Location             Delay type                Incr(ns)  Path(ns)    Netlist Resource(s)
  -------------------------------------------------------------------    -------------------
                         (clock clk rise edge)        0.000     0.000 r  
    D14                                               0.000     0.000 r  clk (IN)
                         net (fo=0)                   0.000     0.000    clk
    D14                  IBUF (Prop_ibuf_I_O)         0.989     0.989 r  clk_IBUF_inst/O
                         net (fo=1, routed)           1.972     2.960    clk_IBUF
    BUFGCTRL_X0Y0        BUFG (Prop_bufg_I_O)         0.096     3.056 r  clk_IBUF_BUFG_inst/O
                         net (fo=692, routed)         1.560     4.617    clk_IBUF_BUFG
    SLICE_X14Y32         FDCE                                         r  output_pixel_reg[0]/C
  -------------------------------------------------------------------    -------------------
    SLICE_X14Y32         FDCE (Prop_fdce_C_Q)         0.518     5.135 r  output_pixel_reg[0]/Q
                         net (fo=1, routed)           4.044     9.178    output_pixel_OBUF[0]
    L5                   OBUF (Prop_obuf_I_O)         2.574    11.752 r  output_pixel_OBUF[0]_inst/O
                         net (fo=0)                   0.000    11.752    output_pixel[0]
    L5                                                                r  output_pixel[0] (OUT)
  -------------------------------------------------------------------    -------------------

Slack:                    inf
  Source:                 output_pixel_reg[1]/C
                            (rising edge-triggered cell FDCE clocked by clk  {rise@0.000ns fall@2.500ns period=5.000ns})
  Destination:            output_pixel[1]
                            (output port)
  Path Group:             (none)
  Path Type:              Max at Slow Process Corner
  Data Path Delay:        7.116ns  (logic 3.058ns (42.968%)  route 4.058ns (57.032%))
  Logic Levels:           1  (OBUF=1)
  Clock Uncertainty:      0.025ns  ((TSJ^2 + TIJ^2)^1/2 + DJ) / 2 + PE
    Total System Jitter     (TSJ):    0.050ns
    Total Input Jitter      (TIJ):    0.000ns
    Discrete Jitter          (DJ):    0.000ns
    Phase Error              (PE):    0.000ns

    Location             Delay type                Incr(ns)  Path(ns)    Netlist Resource(s)
  -------------------------------------------------------------------    -------------------
                         (clock clk rise edge)        0.000     0.000 r  
    D14                                               0.000     0.000 r  clk (IN)
                         net (fo=0)                   0.000     0.000    clk
    D14                  IBUF (Prop_ibuf_I_O)         0.989     0.989 r  clk_IBUF_inst/O
                         net (fo=1, routed)           1.972     2.960    clk_IBUF
    BUFGCTRL_X0Y0        BUFG (Prop_bufg_I_O)         0.096     3.056 r  clk_IBUF_BUFG_inst/O
                         net (fo=692, routed)         1.558     4.615    clk_IBUF_BUFG
    SLICE_X15Y31         FDCE                                         r  output_pixel_reg[1]/C
  -------------------------------------------------------------------    -------------------
    SLICE_X15Y31         FDCE (Prop_fdce_C_Q)         0.456     5.071 r  output_pixel_reg[1]/Q
                         net (fo=1, routed)           4.058     9.129    output_pixel_OBUF[1]
    N4                   OBUF (Prop_obuf_I_O)         2.602    11.730 r  output_pixel_OBUF[1]_inst/O
                         net (fo=0)                   0.000    11.730    output_pixel[1]
    N4                                                                r  output_pixel[1] (OUT)
  -------------------------------------------------------------------    -------------------

Slack:                    inf
  Source:                 output_pixel_reg[2]/C
                            (rising edge-triggered cell FDCE clocked by clk  {rise@0.000ns fall@2.500ns period=5.000ns})
  Destination:            output_pixel[2]
                            (output port)
  Path Group:             (none)
  Path Type:              Max at Slow Process Corner
  Data Path Delay:        7.106ns  (logic 3.057ns (43.018%)  route 4.049ns (56.982%))
  Logic Levels:           1  (OBUF=1)
  Clock Uncertainty:      0.025ns  ((TSJ^2 + TIJ^2)^1/2 + DJ) / 2 + PE
    Total System Jitter     (TSJ):    0.050ns
    Total Input Jitter      (TIJ):    0.000ns
    Discrete Jitter          (DJ):    0.000ns
    Phase Error              (PE):    0.000ns

    Location             Delay type                Incr(ns)  Path(ns)    Netlist Resource(s)
  -------------------------------------------------------------------    -------------------
                         (clock clk rise edge)        0.000     0.000 r  
    D14                                               0.000     0.000 r  clk (IN)
                         net (fo=0)                   0.000     0.000    clk
    D14                  IBUF (Prop_ibuf_I_O)         0.989     0.989 r  clk_IBUF_inst/O
                         net (fo=1, routed)           1.972     2.960    clk_IBUF
    BUFGCTRL_X0Y0        BUFG (Prop_bufg_I_O)         0.096     3.056 r  clk_IBUF_BUFG_inst/O
                         net (fo=692, routed)         1.558     4.615    clk_IBUF_BUFG
    SLICE_X15Y31         FDCE                                         r  output_pixel_reg[2]/C
  -------------------------------------------------------------------    -------------------
    SLICE_X15Y31         FDCE (Prop_fdce_C_Q)         0.456     5.071 r  output_pixel_reg[2]/Q
                         net (fo=1, routed)           4.049     9.120    output_pixel_OBUF[2]
    P5                   OBUF (Prop_obuf_I_O)         2.601    11.721 r  output_pixel_OBUF[2]_inst/O
                         net (fo=0)                   0.000    11.721    output_pixel[2]
    P5                                                                r  output_pixel[2] (OUT)
  -------------------------------------------------------------------    -------------------

Slack:                    inf
  Source:                 output_pixel_reg[5]/C
                            (rising edge-triggered cell FDCE clocked by clk  {rise@0.000ns fall@2.500ns period=5.000ns})
  Destination:            output_pixel[5]
                            (output port)
  Path Group:             (none)
  Path Type:              Max at Slow Process Corner
  Data Path Delay:        6.971ns  (logic 3.102ns (44.505%)  route 3.868ns (55.495%))
  Logic Levels:           1  (OBUF=1)
  Clock Uncertainty:      0.025ns  ((TSJ^2 + TIJ^2)^1/2 + DJ) / 2 + PE
    Total System Jitter     (TSJ):    0.050ns
    Total Input Jitter      (TIJ):    0.000ns
    Discrete Jitter          (DJ):    0.000ns
    Phase Error              (PE):    0.000ns

    Location             Delay type                Incr(ns)  Path(ns)    Netlist Resource(s)
  -------------------------------------------------------------------    -------------------
                         (clock clk rise edge)        0.000     0.000 r  
    D14                                               0.000     0.000 r  clk (IN)
                         net (fo=0)                   0.000     0.000    clk
    D14                  IBUF (Prop_ibuf_I_O)         0.989     0.989 r  clk_IBUF_inst/O
                         net (fo=1, routed)           1.972     2.960    clk_IBUF
    BUFGCTRL_X0Y0        BUFG (Prop_bufg_I_O)         0.096     3.056 r  clk_IBUF_BUFG_inst/O
                         net (fo=692, routed)         1.560     4.617    clk_IBUF_BUFG
    SLICE_X14Y32         FDCE                                         r  output_pixel_reg[5]/C
  -------------------------------------------------------------------    -------------------
    SLICE_X14Y32         FDCE (Prop_fdce_C_Q)         0.518     5.135 r  output_pixel_reg[5]/Q
                         net (fo=1, routed)           3.868     9.003    output_pixel_OBUF[5]
    L2                   OBUF (Prop_obuf_I_O)         2.584    11.587 r  output_pixel_OBUF[5]_inst/O
                         net (fo=0)                   0.000    11.587    output_pixel[5]
    L2                                                                r  output_pixel[5] (OUT)
  -------------------------------------------------------------------    -------------------

Slack:                    inf
  Source:                 output_pixel_reg[4]/C
                            (rising edge-triggered cell FDCE clocked by clk  {rise@0.000ns fall@2.500ns period=5.000ns})
  Destination:            output_pixel[4]
                            (output port)
  Path Group:             (none)
  Path Type:              Max at Slow Process Corner
  Data Path Delay:        6.845ns  (logic 3.105ns (45.364%)  route 3.740ns (54.636%))
  Logic Levels:           1  (OBUF=1)
  Clock Uncertainty:      0.025ns  ((TSJ^2 + TIJ^2)^1/2 + DJ) / 2 + PE
    Total System Jitter     (TSJ):    0.050ns
    Total Input Jitter      (TIJ):    0.000ns
    Discrete Jitter          (DJ):    0.000ns
    Phase Error              (PE):    0.000ns

    Location             Delay type                Incr(ns)  Path(ns)    Netlist Resource(s)
  -------------------------------------------------------------------    -------------------
                         (clock clk rise edge)        0.000     0.000 r  
    D14                                               0.000     0.000 r  clk (IN)
                         net (fo=0)                   0.000     0.000    clk
    D14                  IBUF (Prop_ibuf_I_O)         0.989     0.989 r  clk_IBUF_inst/O
                         net (fo=1, routed)           1.972     2.960    clk_IBUF
    BUFGCTRL_X0Y0        BUFG (Prop_bufg_I_O)         0.096     3.056 r  clk_IBUF_BUFG_inst/O
                         net (fo=692, routed)         1.560     4.617    clk_IBUF_BUFG
    SLICE_X14Y32         FDCE                                         r  output_pixel_reg[4]/C
  -------------------------------------------------------------------    -------------------
    SLICE_X14Y32         FDCE (Prop_fdce_C_Q)         0.518     5.135 r  output_pixel_reg[4]/Q
                         net (fo=1, routed)           3.740     8.874    output_pixel_OBUF[4]
    M5                   OBUF (Prop_obuf_I_O)         2.587    11.462 r  output_pixel_OBUF[4]_inst/O
                         net (fo=0)                   0.000    11.462    output_pixel[4]
    M5                                                                r  output_pixel[4] (OUT)
  -------------------------------------------------------------------    -------------------

Slack:                    inf
  Source:                 output_pixel_reg[3]/C
                            (rising edge-triggered cell FDCE clocked by clk  {rise@0.000ns fall@2.500ns period=5.000ns})
  Destination:            output_pixel[3]
                            (output port)
  Path Group:             (none)
  Path Type:              Max at Slow Process Corner
  Data Path Delay:        6.640ns  (logic 3.042ns (45.815%)  route 3.598ns (54.185%))
  Logic Levels:           1  (OBUF=1)
  Clock Uncertainty:      0.025ns  ((TSJ^2 + TIJ^2)^1/2 + DJ) / 2 + PE
    Total System Jitter     (TSJ):    0.050ns
    Total Input Jitter      (TIJ):    0.000ns
    Discrete Jitter          (DJ):    0.000ns
    Phase Error              (PE):    0.000ns

    Location             Delay type                Incr(ns)  Path(ns)    Netlist Resource(s)
  -------------------------------------------------------------------    -------------------
                         (clock clk rise edge)        0.000     0.000 r  
    D14                                               0.000     0.000 r  clk (IN)
                         net (fo=0)                   0.000     0.000    clk
    D14                  IBUF (Prop_ibuf_I_O)         0.989     0.989 r  clk_IBUF_inst/O
                         net (fo=1, routed)           1.972     2.960    clk_IBUF
    BUFGCTRL_X0Y0        BUFG (Prop_bufg_I_O)         0.096     3.056 r  clk_IBUF_BUFG_inst/O
                         net (fo=692, routed)         1.558     4.615    clk_IBUF_BUFG
    SLICE_X15Y31         FDCE                                         r  output_pixel_reg[3]/C
  -------------------------------------------------------------------    -------------------
    SLICE_X15Y31         FDCE (Prop_fdce_C_Q)         0.456     5.071 r  output_pixel_reg[3]/Q
                         net (fo=1, routed)           3.598     8.668    output_pixel_OBUF[3]
    M4                   OBUF (Prop_obuf_I_O)         2.586    11.255 r  output_pixel_OBUF[3]_inst/O
                         net (fo=0)                   0.000    11.255    output_pixel[3]
    M4                                                                r  output_pixel[3] (OUT)
  -------------------------------------------------------------------    -------------------

Slack:                    inf
  Source:                 output_pixel_reg[16]/C
                            (rising edge-triggered cell FDCE clocked by clk  {rise@0.000ns fall@2.500ns period=5.000ns})
  Destination:            output_pixel[16]
                            (output port)
  Path Group:             (none)
  Path Type:              Max at Slow Process Corner
  Data Path Delay:        6.522ns  (logic 3.148ns (48.268%)  route 3.374ns (51.732%))
  Logic Levels:           1  (OBUF=1)
  Clock Uncertainty:      0.025ns  ((TSJ^2 + TIJ^2)^1/2 + DJ) / 2 + PE
    Total System Jitter     (TSJ):    0.050ns
    Total Input Jitter      (TIJ):    0.000ns
    Discrete Jitter          (DJ):    0.000ns
    Phase Error              (PE):    0.000ns

    Location             Delay type                Incr(ns)  Path(ns)    Netlist Resource(s)
  -------------------------------------------------------------------    -------------------
                         (clock clk rise edge)        0.000     0.000 r  
    D14                                               0.000     0.000 r  clk (IN)
                         net (fo=0)                   0.000     0.000    clk
    D14                  IBUF (Prop_ibuf_I_O)         0.989     0.989 r  clk_IBUF_inst/O
                         net (fo=1, routed)           1.972     2.960    clk_IBUF
    BUFGCTRL_X0Y0        BUFG (Prop_bufg_I_O)         0.096     3.056 r  clk_IBUF_BUFG_inst/O
                         net (fo=692, routed)         1.560     4.617    clk_IBUF_BUFG
    SLICE_X30Y35         FDCE                                         r  output_pixel_reg[16]/C
  -------------------------------------------------------------------    -------------------
    SLICE_X30Y35         FDCE (Prop_fdce_C_Q)         0.518     5.135 r  output_pixel_reg[16]/Q
                         net (fo=1, routed)           3.374     8.509    output_pixel_OBUF[16]
    J4                   OBUF (Prop_obuf_I_O)         2.630    11.139 r  output_pixel_OBUF[16]_inst/O
                         net (fo=0)                   0.000    11.139    output_pixel[16]
    J4                                                                r  output_pixel[16] (OUT)
  -------------------------------------------------------------------    -------------------

Slack:                    inf
  Source:                 output_pixel_reg[17]/C
                            (rising edge-triggered cell FDCE clocked by clk  {rise@0.000ns fall@2.500ns period=5.000ns})
  Destination:            output_pixel[17]
                            (output port)
  Path Group:             (none)
  Path Type:              Max at Slow Process Corner
  Data Path Delay:        6.499ns  (logic 3.118ns (47.979%)  route 3.381ns (52.021%))
  Logic Levels:           1  (OBUF=1)
  Clock Uncertainty:      0.025ns  ((TSJ^2 + TIJ^2)^1/2 + DJ) / 2 + PE
    Total System Jitter     (TSJ):    0.050ns
    Total Input Jitter      (TIJ):    0.000ns
    Discrete Jitter          (DJ):    0.000ns
    Phase Error              (PE):    0.000ns

    Location             Delay type                Incr(ns)  Path(ns)    Netlist Resource(s)
  -------------------------------------------------------------------    -------------------
                         (clock clk rise edge)        0.000     0.000 r  
    D14                                               0.000     0.000 r  clk (IN)
                         net (fo=0)                   0.000     0.000    clk
    D14                  IBUF (Prop_ibuf_I_O)         0.989     0.989 r  clk_IBUF_inst/O
                         net (fo=1, routed)           1.972     2.960    clk_IBUF
    BUFGCTRL_X0Y0        BUFG (Prop_bufg_I_O)         0.096     3.056 r  clk_IBUF_BUFG_inst/O
                         net (fo=692, routed)         1.560     4.617    clk_IBUF_BUFG
    SLICE_X30Y36         FDCE                                         r  output_pixel_reg[17]/C
  -------------------------------------------------------------------    -------------------
    SLICE_X30Y36         FDCE (Prop_fdce_C_Q)         0.518     5.135 r  output_pixel_reg[17]/Q
                         net (fo=1, routed)           3.381     8.515    output_pixel_OBUF[17]
    K3                   OBUF (Prop_obuf_I_O)         2.600    11.116 r  output_pixel_OBUF[17]_inst/O
                         net (fo=0)                   0.000    11.116    output_pixel[17]
    K3                                                                r  output_pixel[17] (OUT)
  -------------------------------------------------------------------    -------------------

Slack:                    inf
  Source:                 output_pixel_reg[18]/C
                            (rising edge-triggered cell FDCE clocked by clk  {rise@0.000ns fall@2.500ns period=5.000ns})
  Destination:            output_pixel[18]
                            (output port)
  Path Group:             (none)
  Path Type:              Max at Slow Process Corner
  Data Path Delay:        6.474ns  (logic 3.123ns (48.230%)  route 3.352ns (51.770%))
  Logic Levels:           1  (OBUF=1)
  Clock Uncertainty:      0.025ns  ((TSJ^2 + TIJ^2)^1/2 + DJ) / 2 + PE
    Total System Jitter     (TSJ):    0.050ns
    Total Input Jitter      (TIJ):    0.000ns
    Discrete Jitter          (DJ):    0.000ns
    Phase Error              (PE):    0.000ns

    Location             Delay type                Incr(ns)  Path(ns)    Netlist Resource(s)
  -------------------------------------------------------------------    -------------------
                         (clock clk rise edge)        0.000     0.000 r  
    D14                                               0.000     0.000 r  clk (IN)
                         net (fo=0)                   0.000     0.000    clk
    D14                  IBUF (Prop_ibuf_I_O)         0.989     0.989 r  clk_IBUF_inst/O
                         net (fo=1, routed)           1.972     2.960    clk_IBUF
    BUFGCTRL_X0Y0        BUFG (Prop_bufg_I_O)         0.096     3.056 r  clk_IBUF_BUFG_inst/O
                         net (fo=692, routed)         1.560     4.617    clk_IBUF_BUFG
    SLICE_X30Y36         FDCE                                         r  output_pixel_reg[18]/C
  -------------------------------------------------------------------    -------------------
    SLICE_X30Y36         FDCE (Prop_fdce_C_Q)         0.518     5.135 r  output_pixel_reg[18]/Q
                         net (fo=1, routed)           3.352     8.486    output_pixel_OBUF[18]
    K4                   OBUF (Prop_obuf_I_O)         2.605    11.091 r  output_pixel_OBUF[18]_inst/O
                         net (fo=0)                   0.000    11.091    output_pixel[18]
    K4                                                                r  output_pixel[18] (OUT)
  -------------------------------------------------------------------    -------------------





Min Delay Paths
--------------------------------------------------------------------------------------
Slack:                    inf
  Source:                 output_valid_reg_lopt_replica/C
                            (rising edge-triggered cell FDCE clocked by clk  {rise@0.000ns fall@2.500ns period=5.000ns})
  Destination:            output_valid
                            (output port)
  Path Group:             (none)
  Path Type:              Min at Fast Process Corner
  Data Path Delay:        2.036ns  (logic 1.319ns (64.813%)  route 0.716ns (35.187%))
  Logic Levels:           1  (OBUF=1)
  Clock Uncertainty:      0.025ns  ((TSJ^2 + TIJ^2)^1/2 + DJ) / 2 + PE
    Total System Jitter     (TSJ):    0.050ns
    Total Input Jitter      (TIJ):    0.000ns
    Discrete Jitter          (DJ):    0.000ns
    Phase Error              (PE):    0.000ns

    Location             Delay type                Incr(ns)  Path(ns)    Netlist Resource(s)
  -------------------------------------------------------------------    -------------------
                         (clock clk rise edge)        0.000     0.000 r  
    D14                                               0.000     0.000 r  clk (IN)
                         net (fo=0)                   0.000     0.000    clk
    D14                  IBUF (Prop_ibuf_I_O)         0.217     0.217 r  clk_IBUF_inst/O
                         net (fo=1, routed)           0.634     0.851    clk_IBUF
    BUFGCTRL_X0Y0        BUFG (Prop_bufg_I_O)         0.026     0.877 r  clk_IBUF_BUFG_inst/O
                         net (fo=692, routed)         0.561     1.438    clk_IBUF_BUFG
    SLICE_X10Y16         FDCE                                         r  output_valid_reg_lopt_replica/C
  -------------------------------------------------------------------    -------------------
    SLICE_X10Y16         FDCE (Prop_fdce_C_Q)         0.148     1.586 r  output_valid_reg_lopt_replica/Q
                         net (fo=1, routed)           0.716     2.302    output_valid_reg_lopt_replica_1
    P11                  OBUF (Prop_obuf_I_O)         1.171     3.474 r  output_valid_OBUF_inst/O
                         net (fo=0)                   0.000     3.474    output_valid
    P11                                                               r  output_valid (OUT)
  -------------------------------------------------------------------    -------------------

Slack:                    inf
  Source:                 err_reg/C
                            (rising edge-triggered cell FDCE clocked by clk  {rise@0.000ns fall@2.500ns period=5.000ns})
  Destination:            err
                            (output port)
  Path Group:             (none)
  Path Type:              Min at Fast Process Corner
  Data Path Delay:        2.093ns  (logic 1.232ns (58.831%)  route 0.862ns (41.169%))
  Logic Levels:           1  (OBUF=1)
  Clock Uncertainty:      0.025ns  ((TSJ^2 + TIJ^2)^1/2 + DJ) / 2 + PE
    Total System Jitter     (TSJ):    0.050ns
    Total Input Jitter      (TIJ):    0.000ns
    Discrete Jitter          (DJ):    0.000ns
    Phase Error              (PE):    0.000ns

    Location             Delay type                Incr(ns)  Path(ns)    Netlist Resource(s)
  -------------------------------------------------------------------    -------------------
                         (clock clk rise edge)        0.000     0.000 r  
    D14                                               0.000     0.000 r  clk (IN)
                         net (fo=0)                   0.000     0.000    clk
    D14                  IBUF (Prop_ibuf_I_O)         0.217     0.217 r  clk_IBUF_inst/O
                         net (fo=1, routed)           0.634     0.851    clk_IBUF
    BUFGCTRL_X0Y0        BUFG (Prop_bufg_I_O)         0.026     0.877 r  clk_IBUF_BUFG_inst/O
                         net (fo=692, routed)         0.562     1.439    clk_IBUF_BUFG
    SLICE_X13Y34         FDCE                                         r  err_reg/C
  -------------------------------------------------------------------    -------------------
    SLICE_X13Y34         FDCE (Prop_fdce_C_Q)         0.141     1.580 r  err_reg/Q
                         net (fo=1, routed)           0.862     2.442    err_OBUF
    M10                  OBUF (Prop_obuf_I_O)         1.091     3.532 r  err_OBUF_inst/O
                         net (fo=0)                   0.000     3.532    err
    M10                                                               r  err (OUT)
  -------------------------------------------------------------------    -------------------

Slack:                    inf
  Source:                 output_pixel_reg[24]/C
                            (rising edge-triggered cell FDCE clocked by clk  {rise@0.000ns fall@2.500ns period=5.000ns})
  Destination:            output_pixel[24]
                            (output port)
  Path Group:             (none)
  Path Type:              Min at Fast Process Corner
  Data Path Delay:        2.214ns  (logic 1.274ns (57.546%)  route 0.940ns (42.454%))
  Logic Levels:           1  (OBUF=1)
  Clock Uncertainty:      0.025ns  ((TSJ^2 + TIJ^2)^1/2 + DJ) / 2 + PE
    Total System Jitter     (TSJ):    0.050ns
    Total Input Jitter      (TIJ):    0.000ns
    Discrete Jitter          (DJ):    0.000ns
    Phase Error              (PE):    0.000ns

    Location             Delay type                Incr(ns)  Path(ns)    Netlist Resource(s)
  -------------------------------------------------------------------    -------------------
                         (clock clk rise edge)        0.000     0.000 r  
    D14                                               0.000     0.000 r  clk (IN)
                         net (fo=0)                   0.000     0.000    clk
    D14                  IBUF (Prop_ibuf_I_O)         0.217     0.217 r  clk_IBUF_inst/O
                         net (fo=1, routed)           0.634     0.851    clk_IBUF
    BUFGCTRL_X0Y0        BUFG (Prop_bufg_I_O)         0.026     0.877 r  clk_IBUF_BUFG_inst/O
                         net (fo=692, routed)         0.550     1.427    clk_IBUF_BUFG
    SLICE_X28Y25         FDCE                                         r  output_pixel_reg[24]/C
  -------------------------------------------------------------------    -------------------
    SLICE_X28Y25         FDCE (Prop_fdce_C_Q)         0.141     1.568 r  output_pixel_reg[24]/Q
                         net (fo=1, routed)           0.940     2.508    output_pixel_OBUF[24]
    H4                   OBUF (Prop_obuf_I_O)         1.133     3.641 r  output_pixel_OBUF[24]_inst/O
                         net (fo=0)                   0.000     3.641    output_pixel[24]
    H4                                                                r  output_pixel[24] (OUT)
  -------------------------------------------------------------------    -------------------

Slack:                    inf
  Source:                 output_pixel_reg[28]/C
                            (rising edge-triggered cell FDCE clocked by clk  {rise@0.000ns fall@2.500ns period=5.000ns})
  Destination:            output_pixel[28]
                            (output port)
  Path Group:             (none)
  Path Type:              Min at Fast Process Corner
  Data Path Delay:        2.226ns  (logic 1.310ns (58.854%)  route 0.916ns (41.146%))
  Logic Levels:           1  (OBUF=1)
  Clock Uncertainty:      0.025ns  ((TSJ^2 + TIJ^2)^1/2 + DJ) / 2 + PE
    Total System Jitter     (TSJ):    0.050ns
    Total Input Jitter      (TIJ):    0.000ns
    Discrete Jitter          (DJ):    0.000ns
    Phase Error              (PE):    0.000ns

    Location             Delay type                Incr(ns)  Path(ns)    Netlist Resource(s)
  -------------------------------------------------------------------    -------------------
                         (clock clk rise edge)        0.000     0.000 r  
    D14                                               0.000     0.000 r  clk (IN)
                         net (fo=0)                   0.000     0.000    clk
    D14                  IBUF (Prop_ibuf_I_O)         0.217     0.217 r  clk_IBUF_inst/O
                         net (fo=1, routed)           0.634     0.851    clk_IBUF
    BUFGCTRL_X0Y0        BUFG (Prop_bufg_I_O)         0.026     0.877 r  clk_IBUF_BUFG_inst/O
                         net (fo=692, routed)         0.553     1.430    clk_IBUF_BUFG
    SLICE_X28Y27         FDCE                                         r  output_pixel_reg[28]/C
  -------------------------------------------------------------------    -------------------
    SLICE_X28Y27         FDCE (Prop_fdce_C_Q)         0.141     1.571 r  output_pixel_reg[28]/Q
                         net (fo=1, routed)           0.916     2.487    output_pixel_OBUF[28]
    D1                   OBUF (Prop_obuf_I_O)         1.169     3.656 r  output_pixel_OBUF[28]_inst/O
                         net (fo=0)                   0.000     3.656    output_pixel[28]
    D1                                                                r  output_pixel[28] (OUT)
  -------------------------------------------------------------------    -------------------

Slack:                    inf
  Source:                 output_pixel_reg[14]/C
                            (rising edge-triggered cell FDCE clocked by clk  {rise@0.000ns fall@2.500ns period=5.000ns})
  Destination:            output_pixel[14]
                            (output port)
  Path Group:             (none)
  Path Type:              Min at Fast Process Corner
  Data Path Delay:        2.278ns  (logic 1.266ns (55.543%)  route 1.013ns (44.457%))
  Logic Levels:           1  (OBUF=1)
  Clock Uncertainty:      0.025ns  ((TSJ^2 + TIJ^2)^1/2 + DJ) / 2 + PE
    Total System Jitter     (TSJ):    0.050ns
    Total Input Jitter      (TIJ):    0.000ns
    Discrete Jitter          (DJ):    0.000ns
    Phase Error              (PE):    0.000ns

    Location             Delay type                Incr(ns)  Path(ns)    Netlist Resource(s)
  -------------------------------------------------------------------    -------------------
                         (clock clk rise edge)        0.000     0.000 r  
    D14                                               0.000     0.000 r  clk (IN)
                         net (fo=0)                   0.000     0.000    clk
    D14                  IBUF (Prop_ibuf_I_O)         0.217     0.217 r  clk_IBUF_inst/O
                         net (fo=1, routed)           0.634     0.851    clk_IBUF
    BUFGCTRL_X0Y0        BUFG (Prop_bufg_I_O)         0.026     0.877 r  clk_IBUF_BUFG_inst/O
                         net (fo=692, routed)         0.557     1.434    clk_IBUF_BUFG
    SLICE_X37Y32         FDCE                                         r  output_pixel_reg[14]/C
  -------------------------------------------------------------------    -------------------
    SLICE_X37Y32         FDCE (Prop_fdce_C_Q)         0.141     1.575 r  output_pixel_reg[14]/Q
                         net (fo=1, routed)           1.013     2.588    output_pixel_OBUF[14]
    M1                   OBUF (Prop_obuf_I_O)         1.125     3.712 r  output_pixel_OBUF[14]_inst/O
                         net (fo=0)                   0.000     3.712    output_pixel[14]
    M1                                                                r  output_pixel[14] (OUT)
  -------------------------------------------------------------------    -------------------

Slack:                    inf
  Source:                 output_pixel_reg[19]/C
                            (rising edge-triggered cell FDCE clocked by clk  {rise@0.000ns fall@2.500ns period=5.000ns})
  Destination:            output_pixel[19]
                            (output port)
  Path Group:             (none)
  Path Type:              Min at Fast Process Corner
  Data Path Delay:        2.291ns  (logic 1.283ns (56.004%)  route 1.008ns (43.996%))
  Logic Levels:           1  (OBUF=1)
  Clock Uncertainty:      0.025ns  ((TSJ^2 + TIJ^2)^1/2 + DJ) / 2 + PE
    Total System Jitter     (TSJ):    0.050ns
    Total Input Jitter      (TIJ):    0.000ns
    Discrete Jitter          (DJ):    0.000ns
    Phase Error              (PE):    0.000ns

    Location             Delay type                Incr(ns)  Path(ns)    Netlist Resource(s)
  -------------------------------------------------------------------    -------------------
                         (clock clk rise edge)        0.000     0.000 r  
    D14                                               0.000     0.000 r  clk (IN)
                         net (fo=0)                   0.000     0.000    clk
    D14                  IBUF (Prop_ibuf_I_O)         0.217     0.217 r  clk_IBUF_inst/O
                         net (fo=1, routed)           0.634     0.851    clk_IBUF
    BUFGCTRL_X0Y0        BUFG (Prop_bufg_I_O)         0.026     0.877 r  clk_IBUF_BUFG_inst/O
                         net (fo=692, routed)         0.562     1.439    clk_IBUF_BUFG
    SLICE_X44Y38         FDCE                                         r  output_pixel_reg[19]/C
  -------------------------------------------------------------------    -------------------
    SLICE_X44Y38         FDCE (Prop_fdce_C_Q)         0.141     1.580 r  output_pixel_reg[19]/Q
                         net (fo=1, routed)           1.008     2.588    output_pixel_OBUF[19]
    J1                   OBUF (Prop_obuf_I_O)         1.142     3.730 r  output_pixel_OBUF[19]_inst/O
                         net (fo=0)                   0.000     3.730    output_pixel[19]
    J1                                                                r  output_pixel[19] (OUT)
  -------------------------------------------------------------------    -------------------

Slack:                    inf
  Source:                 output_pixel_reg[15]/C
                            (rising edge-triggered cell FDCE clocked by clk  {rise@0.000ns fall@2.500ns period=5.000ns})
  Destination:            output_pixel[15]
                            (output port)
  Path Group:             (none)
  Path Type:              Min at Fast Process Corner
  Data Path Delay:        2.300ns  (logic 1.286ns (55.911%)  route 1.014ns (44.089%))
  Logic Levels:           1  (OBUF=1)
  Clock Uncertainty:      0.025ns  ((TSJ^2 + TIJ^2)^1/2 + DJ) / 2 + PE
    Total System Jitter     (TSJ):    0.050ns
    Total Input Jitter      (TIJ):    0.000ns
    Discrete Jitter          (DJ):    0.000ns
    Phase Error              (PE):    0.000ns

    Location             Delay type                Incr(ns)  Path(ns)    Netlist Resource(s)
  -------------------------------------------------------------------    -------------------
                         (clock clk rise edge)        0.000     0.000 r  
    D14                                               0.000     0.000 r  clk (IN)
                         net (fo=0)                   0.000     0.000    clk
    D14                  IBUF (Prop_ibuf_I_O)         0.217     0.217 r  clk_IBUF_inst/O
                         net (fo=1, routed)           0.634     0.851    clk_IBUF
    BUFGCTRL_X0Y0        BUFG (Prop_bufg_I_O)         0.026     0.877 r  clk_IBUF_BUFG_inst/O
                         net (fo=692, routed)         0.557     1.434    clk_IBUF_BUFG
    SLICE_X37Y32         FDCE                                         r  output_pixel_reg[15]/C
  -------------------------------------------------------------------    -------------------
    SLICE_X37Y32         FDCE (Prop_fdce_C_Q)         0.141     1.575 r  output_pixel_reg[15]/Q
                         net (fo=1, routed)           1.014     2.589    output_pixel_OBUF[15]
    J3                   OBUF (Prop_obuf_I_O)         1.145     3.733 r  output_pixel_OBUF[15]_inst/O
                         net (fo=0)                   0.000     3.733    output_pixel[15]
    J3                                                                r  output_pixel[15] (OUT)
  -------------------------------------------------------------------    -------------------

Slack:                    inf
  Source:                 output_pixel_reg[26]/C
                            (rising edge-triggered cell FDCE clocked by clk  {rise@0.000ns fall@2.500ns period=5.000ns})
  Destination:            output_pixel[26]
                            (output port)
  Path Group:             (none)
  Path Type:              Min at Fast Process Corner
  Data Path Delay:        2.321ns  (logic 1.280ns (55.158%)  route 1.041ns (44.842%))
  Logic Levels:           1  (OBUF=1)
  Clock Uncertainty:      0.025ns  ((TSJ^2 + TIJ^2)^1/2 + DJ) / 2 + PE
    Total System Jitter     (TSJ):    0.050ns
    Total Input Jitter      (TIJ):    0.000ns
    Discrete Jitter          (DJ):    0.000ns
    Phase Error              (PE):    0.000ns

    Location             Delay type                Incr(ns)  Path(ns)    Netlist Resource(s)
  -------------------------------------------------------------------    -------------------
                         (clock clk rise edge)        0.000     0.000 r  
    D14                                               0.000     0.000 r  clk (IN)
                         net (fo=0)                   0.000     0.000    clk
    D14                  IBUF (Prop_ibuf_I_O)         0.217     0.217 r  clk_IBUF_inst/O
                         net (fo=1, routed)           0.634     0.851    clk_IBUF
    BUFGCTRL_X0Y0        BUFG (Prop_bufg_I_O)         0.026     0.877 r  clk_IBUF_BUFG_inst/O
                         net (fo=692, routed)         0.554     1.431    clk_IBUF_BUFG
    SLICE_X15Y26         FDCE                                         r  output_pixel_reg[26]/C
  -------------------------------------------------------------------    -------------------
    SLICE_X15Y26         FDCE (Prop_fdce_C_Q)         0.141     1.572 r  output_pixel_reg[26]/Q
                         net (fo=1, routed)           1.041     2.613    output_pixel_OBUF[26]
    G4                   OBUF (Prop_obuf_I_O)         1.139     3.752 r  output_pixel_OBUF[26]_inst/O
                         net (fo=0)                   0.000     3.752    output_pixel[26]
    G4                                                                r  output_pixel[26] (OUT)
  -------------------------------------------------------------------    -------------------

Slack:                    inf
  Source:                 output_pixel_reg[23]/C
                            (rising edge-triggered cell FDCE clocked by clk  {rise@0.000ns fall@2.500ns period=5.000ns})
  Destination:            output_pixel[23]
                            (output port)
  Path Group:             (none)
  Path Type:              Min at Fast Process Corner
  Data Path Delay:        2.335ns  (logic 1.273ns (54.510%)  route 1.062ns (45.490%))
  Logic Levels:           1  (OBUF=1)
  Clock Uncertainty:      0.025ns  ((TSJ^2 + TIJ^2)^1/2 + DJ) / 2 + PE
    Total System Jitter     (TSJ):    0.050ns
    Total Input Jitter      (TIJ):    0.000ns
    Discrete Jitter          (DJ):    0.000ns
    Phase Error              (PE):    0.000ns

    Location             Delay type                Incr(ns)  Path(ns)    Netlist Resource(s)
  -------------------------------------------------------------------    -------------------
                         (clock clk rise edge)        0.000     0.000 r  
    D14                                               0.000     0.000 r  clk (IN)
                         net (fo=0)                   0.000     0.000    clk
    D14                  IBUF (Prop_ibuf_I_O)         0.217     0.217 r  clk_IBUF_inst/O
                         net (fo=1, routed)           0.634     0.851    clk_IBUF
    BUFGCTRL_X0Y0        BUFG (Prop_bufg_I_O)         0.026     0.877 r  clk_IBUF_BUFG_inst/O
                         net (fo=692, routed)         0.559     1.436    clk_IBUF_BUFG
    SLICE_X32Y36         FDCE                                         r  output_pixel_reg[23]/C
  -------------------------------------------------------------------    -------------------
    SLICE_X32Y36         FDCE (Prop_fdce_C_Q)         0.141     1.577 r  output_pixel_reg[23]/Q
                         net (fo=1, routed)           1.062     2.639    output_pixel_OBUF[23]
    H3                   OBUF (Prop_obuf_I_O)         1.132     3.771 r  output_pixel_OBUF[23]_inst/O
                         net (fo=0)                   0.000     3.771    output_pixel[23]
    H3                                                                r  output_pixel[23] (OUT)
  -------------------------------------------------------------------    -------------------

Slack:                    inf
  Source:                 output_pixel_reg[29]/C
                            (rising edge-triggered cell FDCE clocked by clk  {rise@0.000ns fall@2.500ns period=5.000ns})
  Destination:            output_pixel[29]
                            (output port)
  Path Group:             (none)
  Path Type:              Min at Fast Process Corner
  Data Path Delay:        2.340ns  (logic 1.371ns (58.589%)  route 0.969ns (41.411%))
  Logic Levels:           1  (OBUF=1)
  Clock Uncertainty:      0.025ns  ((TSJ^2 + TIJ^2)^1/2 + DJ) / 2 + PE
    Total System Jitter     (TSJ):    0.050ns
    Total Input Jitter      (TIJ):    0.000ns
    Discrete Jitter          (DJ):    0.000ns
    Phase Error              (PE):    0.000ns

    Location             Delay type                Incr(ns)  Path(ns)    Netlist Resource(s)
  -------------------------------------------------------------------    -------------------
                         (clock clk rise edge)        0.000     0.000 r  
    D14                                               0.000     0.000 r  clk (IN)
                         net (fo=0)                   0.000     0.000    clk
    D14                  IBUF (Prop_ibuf_I_O)         0.217     0.217 r  clk_IBUF_inst/O
                         net (fo=1, routed)           0.634     0.851    clk_IBUF
    BUFGCTRL_X0Y0        BUFG (Prop_bufg_I_O)         0.026     0.877 r  clk_IBUF_BUFG_inst/O
                         net (fo=692, routed)         0.557     1.434    clk_IBUF_BUFG
    SLICE_X14Y29         FDCE                                         r  output_pixel_reg[29]/C
  -------------------------------------------------------------------    -------------------
    SLICE_X14Y29         FDCE (Prop_fdce_C_Q)         0.148     1.582 r  output_pixel_reg[29]/Q
                         net (fo=1, routed)           0.969     2.551    output_pixel_OBUF[29]
    D2                   OBUF (Prop_obuf_I_O)         1.223     3.774 r  output_pixel_OBUF[29]_inst/O
                         net (fo=0)                   0.000     3.774    output_pixel[29]
    D2                                                                r  output_pixel[29] (OUT)
  -------------------------------------------------------------------    -------------------





--------------------------------------------------------------------------------------
Path Group:  (none)
From Clock:  
  To Clock:  clk

Max Delay           803 Endpoints
Min Delay           803 Endpoints
--------------------------------------------------------------------------------------


Max Delay Paths
--------------------------------------------------------------------------------------
Slack:                    inf
  Source:                 n_rst
                            (input port)
  Destination:            kern_buf/kernel_mat_reg[31]_rep__10/CLR
                            (recovery check against rising-edge clock clk  {rise@0.000ns fall@2.500ns period=5.000ns})
  Path Group:             (none)
  Path Type:              Recovery (Max at Slow Process Corner)
  Data Path Delay:        8.159ns  (logic 1.127ns (13.814%)  route 7.032ns (86.186%))
  Logic Levels:           2  (IBUF=1 LUT1=1)
  Clock Path Skew:        4.254ns (DCD - SCD + CPR)
    Destination Clock Delay (DCD):    4.254ns
    Source Clock Delay      (SCD):    0.000ns
    Clock Pessimism Removal (CPR):    0.000ns
  Clock Uncertainty:      0.025ns  ((TSJ^2 + TIJ^2)^1/2 + DJ) / 2 + PE
    Total System Jitter     (TSJ):    0.050ns
    Total Input Jitter      (TIJ):    0.000ns
    Discrete Jitter          (DJ):    0.000ns
    Phase Error              (PE):    0.000ns

    Location             Delay type                Incr(ns)  Path(ns)    Netlist Resource(s)
  -------------------------------------------------------------------    -------------------
    C11                                               0.000     0.000 r  n_rst (IN)
                         net (fo=0)                   0.000     0.000    n_rst
    C11                  IBUF (Prop_ibuf_I_O)         0.977     0.977 r  n_rst_IBUF_inst/O
                         net (fo=14, routed)          1.959     2.936    kern_buf/n_rst_IBUF
    SLICE_X13Y31         LUT1 (Prop_lut1_I0_O)        0.150     3.086 f  kern_buf/FSM_onehot_state[9]_i_3/O
                         net (fo=644, routed)         5.072     8.159    kern_buf/n_rst
    SLICE_X14Y31         FDCE                                         f  kern_buf/kernel_mat_reg[31]_rep__10/CLR
  -------------------------------------------------------------------    -------------------

                         (clock clk rise edge)        0.000     0.000 r  
    D14                                               0.000     0.000 r  clk (IN)
                         net (fo=0)                   0.000     0.000    clk
    D14                  IBUF (Prop_ibuf_I_O)         0.855     0.855 r  clk_IBUF_inst/O
                         net (fo=1, routed)           1.868     2.723    clk_IBUF
    BUFGCTRL_X0Y0        BUFG (Prop_bufg_I_O)         0.091     2.814 r  clk_IBUF_BUFG_inst/O
                         net (fo=692, routed)         1.440     4.254    kern_buf/clk_IBUF_BUFG
    SLICE_X14Y31         FDCE                                         r  kern_buf/kernel_mat_reg[31]_rep__10/C

Slack:                    inf
  Source:                 n_rst
                            (input port)
  Destination:            kern_buf/kernel_mat_reg[7]_rep/CLR
                            (recovery check against rising-edge clock clk  {rise@0.000ns fall@2.500ns period=5.000ns})
  Path Group:             (none)
  Path Type:              Recovery (Max at Slow Process Corner)
  Data Path Delay:        8.159ns  (logic 1.127ns (13.814%)  route 7.032ns (86.186%))
  Logic Levels:           2  (IBUF=1 LUT1=1)
  Clock Path Skew:        4.254ns (DCD - SCD + CPR)
    Destination Clock Delay (DCD):    4.254ns
    Source Clock Delay      (SCD):    0.000ns
    Clock Pessimism Removal (CPR):    0.000ns
  Clock Uncertainty:      0.025ns  ((TSJ^2 + TIJ^2)^1/2 + DJ) / 2 + PE
    Total System Jitter     (TSJ):    0.050ns
    Total Input Jitter      (TIJ):    0.000ns
    Discrete Jitter          (DJ):    0.000ns
    Phase Error              (PE):    0.000ns

    Location             Delay type                Incr(ns)  Path(ns)    Netlist Resource(s)
  -------------------------------------------------------------------    -------------------
    C11                                               0.000     0.000 r  n_rst (IN)
                         net (fo=0)                   0.000     0.000    n_rst
    C11                  IBUF (Prop_ibuf_I_O)         0.977     0.977 r  n_rst_IBUF_inst/O
                         net (fo=14, routed)          1.959     2.936    kern_buf/n_rst_IBUF
    SLICE_X13Y31         LUT1 (Prop_lut1_I0_O)        0.150     3.086 f  kern_buf/FSM_onehot_state[9]_i_3/O
                         net (fo=644, routed)         5.072     8.159    kern_buf/n_rst
    SLICE_X14Y31         FDCE                                         f  kern_buf/kernel_mat_reg[7]_rep/CLR
  -------------------------------------------------------------------    -------------------

                         (clock clk rise edge)        0.000     0.000 r  
    D14                                               0.000     0.000 r  clk (IN)
                         net (fo=0)                   0.000     0.000    clk
    D14                  IBUF (Prop_ibuf_I_O)         0.855     0.855 r  clk_IBUF_inst/O
                         net (fo=1, routed)           1.868     2.723    clk_IBUF
    BUFGCTRL_X0Y0        BUFG (Prop_bufg_I_O)         0.091     2.814 r  clk_IBUF_BUFG_inst/O
                         net (fo=692, routed)         1.440     4.254    kern_buf/clk_IBUF_BUFG
    SLICE_X14Y31         FDCE                                         r  kern_buf/kernel_mat_reg[7]_rep/C

Slack:                    inf
  Source:                 n_rst
                            (input port)
  Destination:            output_pixel_reg[1]/CLR
                            (recovery check against rising-edge clock clk  {rise@0.000ns fall@2.500ns period=5.000ns})
  Path Group:             (none)
  Path Type:              Recovery (Max at Slow Process Corner)
  Data Path Delay:        8.159ns  (logic 1.127ns (13.814%)  route 7.032ns (86.186%))
  Logic Levels:           2  (IBUF=1 LUT1=1)
  Clock Path Skew:        4.254ns (DCD - SCD + CPR)
    Destination Clock Delay (DCD):    4.254ns
    Source Clock Delay      (SCD):    0.000ns
    Clock Pessimism Removal (CPR):    0.000ns
  Clock Uncertainty:      0.025ns  ((TSJ^2 + TIJ^2)^1/2 + DJ) / 2 + PE
    Total System Jitter     (TSJ):    0.050ns
    Total Input Jitter      (TIJ):    0.000ns
    Discrete Jitter          (DJ):    0.000ns
    Phase Error              (PE):    0.000ns

    Location             Delay type                Incr(ns)  Path(ns)    Netlist Resource(s)
  -------------------------------------------------------------------    -------------------
    C11                                               0.000     0.000 r  n_rst (IN)
                         net (fo=0)                   0.000     0.000    n_rst
    C11                  IBUF (Prop_ibuf_I_O)         0.977     0.977 r  n_rst_IBUF_inst/O
                         net (fo=14, routed)          1.959     2.936    kern_buf/n_rst_IBUF
    SLICE_X13Y31         LUT1 (Prop_lut1_I0_O)        0.150     3.086 f  kern_buf/FSM_onehot_state[9]_i_3/O
                         net (fo=644, routed)         5.072     8.159    kern_buf_n_0
    SLICE_X15Y31         FDCE                                         f  output_pixel_reg[1]/CLR
  -------------------------------------------------------------------    -------------------

                         (clock clk rise edge)        0.000     0.000 r  
    D14                                               0.000     0.000 r  clk (IN)
                         net (fo=0)                   0.000     0.000    clk
    D14                  IBUF (Prop_ibuf_I_O)         0.855     0.855 r  clk_IBUF_inst/O
                         net (fo=1, routed)           1.868     2.723    clk_IBUF
    BUFGCTRL_X0Y0        BUFG (Prop_bufg_I_O)         0.091     2.814 r  clk_IBUF_BUFG_inst/O
                         net (fo=692, routed)         1.440     4.254    clk_IBUF_BUFG
    SLICE_X15Y31         FDCE                                         r  output_pixel_reg[1]/C

Slack:                    inf
  Source:                 n_rst
                            (input port)
  Destination:            output_pixel_reg[2]/CLR
                            (recovery check against rising-edge clock clk  {rise@0.000ns fall@2.500ns period=5.000ns})
  Path Group:             (none)
  Path Type:              Recovery (Max at Slow Process Corner)
  Data Path Delay:        8.159ns  (logic 1.127ns (13.814%)  route 7.032ns (86.186%))
  Logic Levels:           2  (IBUF=1 LUT1=1)
  Clock Path Skew:        4.254ns (DCD - SCD + CPR)
    Destination Clock Delay (DCD):    4.254ns
    Source Clock Delay      (SCD):    0.000ns
    Clock Pessimism Removal (CPR):    0.000ns
  Clock Uncertainty:      0.025ns  ((TSJ^2 + TIJ^2)^1/2 + DJ) / 2 + PE
    Total System Jitter     (TSJ):    0.050ns
    Total Input Jitter      (TIJ):    0.000ns
    Discrete Jitter          (DJ):    0.000ns
    Phase Error              (PE):    0.000ns

    Location             Delay type                Incr(ns)  Path(ns)    Netlist Resource(s)
  -------------------------------------------------------------------    -------------------
    C11                                               0.000     0.000 r  n_rst (IN)
                         net (fo=0)                   0.000     0.000    n_rst
    C11                  IBUF (Prop_ibuf_I_O)         0.977     0.977 r  n_rst_IBUF_inst/O
                         net (fo=14, routed)          1.959     2.936    kern_buf/n_rst_IBUF
    SLICE_X13Y31         LUT1 (Prop_lut1_I0_O)        0.150     3.086 f  kern_buf/FSM_onehot_state[9]_i_3/O
                         net (fo=644, routed)         5.072     8.159    kern_buf_n_0
    SLICE_X15Y31         FDCE                                         f  output_pixel_reg[2]/CLR
  -------------------------------------------------------------------    -------------------

                         (clock clk rise edge)        0.000     0.000 r  
    D14                                               0.000     0.000 r  clk (IN)
                         net (fo=0)                   0.000     0.000    clk
    D14                  IBUF (Prop_ibuf_I_O)         0.855     0.855 r  clk_IBUF_inst/O
                         net (fo=1, routed)           1.868     2.723    clk_IBUF
    BUFGCTRL_X0Y0        BUFG (Prop_bufg_I_O)         0.091     2.814 r  clk_IBUF_BUFG_inst/O
                         net (fo=692, routed)         1.440     4.254    clk_IBUF_BUFG
    SLICE_X15Y31         FDCE                                         r  output_pixel_reg[2]/C

Slack:                    inf
  Source:                 n_rst
                            (input port)
  Destination:            output_pixel_reg[31]/CLR
                            (recovery check against rising-edge clock clk  {rise@0.000ns fall@2.500ns period=5.000ns})
  Path Group:             (none)
  Path Type:              Recovery (Max at Slow Process Corner)
  Data Path Delay:        8.159ns  (logic 1.127ns (13.814%)  route 7.032ns (86.186%))
  Logic Levels:           2  (IBUF=1 LUT1=1)
  Clock Path Skew:        4.254ns (DCD - SCD + CPR)
    Destination Clock Delay (DCD):    4.254ns
    Source Clock Delay      (SCD):    0.000ns
    Clock Pessimism Removal (CPR):    0.000ns
  Clock Uncertainty:      0.025ns  ((TSJ^2 + TIJ^2)^1/2 + DJ) / 2 + PE
    Total System Jitter     (TSJ):    0.050ns
    Total Input Jitter      (TIJ):    0.000ns
    Discrete Jitter          (DJ):    0.000ns
    Phase Error              (PE):    0.000ns

    Location             Delay type                Incr(ns)  Path(ns)    Netlist Resource(s)
  -------------------------------------------------------------------    -------------------
    C11                                               0.000     0.000 r  n_rst (IN)
                         net (fo=0)                   0.000     0.000    n_rst
    C11                  IBUF (Prop_ibuf_I_O)         0.977     0.977 r  n_rst_IBUF_inst/O
                         net (fo=14, routed)          1.959     2.936    kern_buf/n_rst_IBUF
    SLICE_X13Y31         LUT1 (Prop_lut1_I0_O)        0.150     3.086 f  kern_buf/FSM_onehot_state[9]_i_3/O
                         net (fo=644, routed)         5.072     8.159    kern_buf_n_0
    SLICE_X15Y31         FDCE                                         f  output_pixel_reg[31]/CLR
  -------------------------------------------------------------------    -------------------

                         (clock clk rise edge)        0.000     0.000 r  
    D14                                               0.000     0.000 r  clk (IN)
                         net (fo=0)                   0.000     0.000    clk
    D14                  IBUF (Prop_ibuf_I_O)         0.855     0.855 r  clk_IBUF_inst/O
                         net (fo=1, routed)           1.868     2.723    clk_IBUF
    BUFGCTRL_X0Y0        BUFG (Prop_bufg_I_O)         0.091     2.814 r  clk_IBUF_BUFG_inst/O
                         net (fo=692, routed)         1.440     4.254    clk_IBUF_BUFG
    SLICE_X15Y31         FDCE                                         r  output_pixel_reg[31]/C

Slack:                    inf
  Source:                 n_rst
                            (input port)
  Destination:            output_pixel_reg[3]/CLR
                            (recovery check against rising-edge clock clk  {rise@0.000ns fall@2.500ns period=5.000ns})
  Path Group:             (none)
  Path Type:              Recovery (Max at Slow Process Corner)
  Data Path Delay:        8.159ns  (logic 1.127ns (13.814%)  route 7.032ns (86.186%))
  Logic Levels:           2  (IBUF=1 LUT1=1)
  Clock Path Skew:        4.254ns (DCD - SCD + CPR)
    Destination Clock Delay (DCD):    4.254ns
    Source Clock Delay      (SCD):    0.000ns
    Clock Pessimism Removal (CPR):    0.000ns
  Clock Uncertainty:      0.025ns  ((TSJ^2 + TIJ^2)^1/2 + DJ) / 2 + PE
    Total System Jitter     (TSJ):    0.050ns
    Total Input Jitter      (TIJ):    0.000ns
    Discrete Jitter          (DJ):    0.000ns
    Phase Error              (PE):    0.000ns

    Location             Delay type                Incr(ns)  Path(ns)    Netlist Resource(s)
  -------------------------------------------------------------------    -------------------
    C11                                               0.000     0.000 r  n_rst (IN)
                         net (fo=0)                   0.000     0.000    n_rst
    C11                  IBUF (Prop_ibuf_I_O)         0.977     0.977 r  n_rst_IBUF_inst/O
                         net (fo=14, routed)          1.959     2.936    kern_buf/n_rst_IBUF
    SLICE_X13Y31         LUT1 (Prop_lut1_I0_O)        0.150     3.086 f  kern_buf/FSM_onehot_state[9]_i_3/O
                         net (fo=644, routed)         5.072     8.159    kern_buf_n_0
    SLICE_X15Y31         FDCE                                         f  output_pixel_reg[3]/CLR
  -------------------------------------------------------------------    -------------------

                         (clock clk rise edge)        0.000     0.000 r  
    D14                                               0.000     0.000 r  clk (IN)
                         net (fo=0)                   0.000     0.000    clk
    D14                  IBUF (Prop_ibuf_I_O)         0.855     0.855 r  clk_IBUF_inst/O
                         net (fo=1, routed)           1.868     2.723    clk_IBUF
    BUFGCTRL_X0Y0        BUFG (Prop_bufg_I_O)         0.091     2.814 r  clk_IBUF_BUFG_inst/O
                         net (fo=692, routed)         1.440     4.254    clk_IBUF_BUFG
    SLICE_X15Y31         FDCE                                         r  output_pixel_reg[3]/C

Slack:                    inf
  Source:                 n_rst
                            (input port)
  Destination:            kern_buf/kernel_mat_reg[63]_rep__2/CLR
                            (recovery check against rising-edge clock clk  {rise@0.000ns fall@2.500ns period=5.000ns})
  Path Group:             (none)
  Path Type:              Recovery (Max at Slow Process Corner)
  Data Path Delay:        8.156ns  (logic 1.127ns (13.819%)  route 7.029ns (86.181%))
  Logic Levels:           2  (IBUF=1 LUT1=1)
  Clock Path Skew:        4.256ns (DCD - SCD + CPR)
    Destination Clock Delay (DCD):    4.256ns
    Source Clock Delay      (SCD):    0.000ns
    Clock Pessimism Removal (CPR):    0.000ns
  Clock Uncertainty:      0.025ns  ((TSJ^2 + TIJ^2)^1/2 + DJ) / 2 + PE
    Total System Jitter     (TSJ):    0.050ns
    Total Input Jitter      (TIJ):    0.000ns
    Discrete Jitter          (DJ):    0.000ns
    Phase Error              (PE):    0.000ns

    Location             Delay type                Incr(ns)  Path(ns)    Netlist Resource(s)
  -------------------------------------------------------------------    -------------------
    C11                                               0.000     0.000 r  n_rst (IN)
                         net (fo=0)                   0.000     0.000    n_rst
    C11                  IBUF (Prop_ibuf_I_O)         0.977     0.977 r  n_rst_IBUF_inst/O
                         net (fo=14, routed)          1.959     2.936    kern_buf/n_rst_IBUF
    SLICE_X13Y31         LUT1 (Prop_lut1_I0_O)        0.150     3.086 f  kern_buf/FSM_onehot_state[9]_i_3/O
                         net (fo=644, routed)         5.069     8.156    kern_buf/n_rst
    SLICE_X15Y32         FDCE                                         f  kern_buf/kernel_mat_reg[63]_rep__2/CLR
  -------------------------------------------------------------------    -------------------

                         (clock clk rise edge)        0.000     0.000 r  
    D14                                               0.000     0.000 r  clk (IN)
                         net (fo=0)                   0.000     0.000    clk
    D14                  IBUF (Prop_ibuf_I_O)         0.855     0.855 r  clk_IBUF_inst/O
                         net (fo=1, routed)           1.868     2.723    clk_IBUF
    BUFGCTRL_X0Y0        BUFG (Prop_bufg_I_O)         0.091     2.814 r  clk_IBUF_BUFG_inst/O
                         net (fo=692, routed)         1.442     4.256    kern_buf/clk_IBUF_BUFG
    SLICE_X15Y32         FDCE                                         r  kern_buf/kernel_mat_reg[63]_rep__2/C

Slack:                    inf
  Source:                 n_rst
                            (input port)
  Destination:            kern_buf/kernel_mat_reg[63]_rep__3/CLR
                            (recovery check against rising-edge clock clk  {rise@0.000ns fall@2.500ns period=5.000ns})
  Path Group:             (none)
  Path Type:              Recovery (Max at Slow Process Corner)
  Data Path Delay:        8.156ns  (logic 1.127ns (13.819%)  route 7.029ns (86.181%))
  Logic Levels:           2  (IBUF=1 LUT1=1)
  Clock Path Skew:        4.256ns (DCD - SCD + CPR)
    Destination Clock Delay (DCD):    4.256ns
    Source Clock Delay      (SCD):    0.000ns
    Clock Pessimism Removal (CPR):    0.000ns
  Clock Uncertainty:      0.025ns  ((TSJ^2 + TIJ^2)^1/2 + DJ) / 2 + PE
    Total System Jitter     (TSJ):    0.050ns
    Total Input Jitter      (TIJ):    0.000ns
    Discrete Jitter          (DJ):    0.000ns
    Phase Error              (PE):    0.000ns

    Location             Delay type                Incr(ns)  Path(ns)    Netlist Resource(s)
  -------------------------------------------------------------------    -------------------
    C11                                               0.000     0.000 r  n_rst (IN)
                         net (fo=0)                   0.000     0.000    n_rst
    C11                  IBUF (Prop_ibuf_I_O)         0.977     0.977 r  n_rst_IBUF_inst/O
                         net (fo=14, routed)          1.959     2.936    kern_buf/n_rst_IBUF
    SLICE_X13Y31         LUT1 (Prop_lut1_I0_O)        0.150     3.086 f  kern_buf/FSM_onehot_state[9]_i_3/O
                         net (fo=644, routed)         5.069     8.156    kern_buf/n_rst
    SLICE_X15Y32         FDCE                                         f  kern_buf/kernel_mat_reg[63]_rep__3/CLR
  -------------------------------------------------------------------    -------------------

                         (clock clk rise edge)        0.000     0.000 r  
    D14                                               0.000     0.000 r  clk (IN)
                         net (fo=0)                   0.000     0.000    clk
    D14                  IBUF (Prop_ibuf_I_O)         0.855     0.855 r  clk_IBUF_inst/O
                         net (fo=1, routed)           1.868     2.723    clk_IBUF
    BUFGCTRL_X0Y0        BUFG (Prop_bufg_I_O)         0.091     2.814 r  clk_IBUF_BUFG_inst/O
                         net (fo=692, routed)         1.442     4.256    kern_buf/clk_IBUF_BUFG
    SLICE_X15Y32         FDCE                                         r  kern_buf/kernel_mat_reg[63]_rep__3/C

Slack:                    inf
  Source:                 n_rst
                            (input port)
  Destination:            output_pixel_reg[0]/CLR
                            (recovery check against rising-edge clock clk  {rise@0.000ns fall@2.500ns period=5.000ns})
  Path Group:             (none)
  Path Type:              Recovery (Max at Slow Process Corner)
  Data Path Delay:        8.156ns  (logic 1.127ns (13.819%)  route 7.029ns (86.181%))
  Logic Levels:           2  (IBUF=1 LUT1=1)
  Clock Path Skew:        4.256ns (DCD - SCD + CPR)
    Destination Clock Delay (DCD):    4.256ns
    Source Clock Delay      (SCD):    0.000ns
    Clock Pessimism Removal (CPR):    0.000ns
  Clock Uncertainty:      0.025ns  ((TSJ^2 + TIJ^2)^1/2 + DJ) / 2 + PE
    Total System Jitter     (TSJ):    0.050ns
    Total Input Jitter      (TIJ):    0.000ns
    Discrete Jitter          (DJ):    0.000ns
    Phase Error              (PE):    0.000ns

    Location             Delay type                Incr(ns)  Path(ns)    Netlist Resource(s)
  -------------------------------------------------------------------    -------------------
    C11                                               0.000     0.000 r  n_rst (IN)
                         net (fo=0)                   0.000     0.000    n_rst
    C11                  IBUF (Prop_ibuf_I_O)         0.977     0.977 r  n_rst_IBUF_inst/O
                         net (fo=14, routed)          1.959     2.936    kern_buf/n_rst_IBUF
    SLICE_X13Y31         LUT1 (Prop_lut1_I0_O)        0.150     3.086 f  kern_buf/FSM_onehot_state[9]_i_3/O
                         net (fo=644, routed)         5.069     8.156    kern_buf_n_0
    SLICE_X14Y32         FDCE                                         f  output_pixel_reg[0]/CLR
  -------------------------------------------------------------------    -------------------

                         (clock clk rise edge)        0.000     0.000 r  
    D14                                               0.000     0.000 r  clk (IN)
                         net (fo=0)                   0.000     0.000    clk
    D14                  IBUF (Prop_ibuf_I_O)         0.855     0.855 r  clk_IBUF_inst/O
                         net (fo=1, routed)           1.868     2.723    clk_IBUF
    BUFGCTRL_X0Y0        BUFG (Prop_bufg_I_O)         0.091     2.814 r  clk_IBUF_BUFG_inst/O
                         net (fo=692, routed)         1.442     4.256    clk_IBUF_BUFG
    SLICE_X14Y32         FDCE                                         r  output_pixel_reg[0]/C

Slack:                    inf
  Source:                 n_rst
                            (input port)
  Destination:            output_pixel_reg[4]/CLR
                            (recovery check against rising-edge clock clk  {rise@0.000ns fall@2.500ns period=5.000ns})
  Path Group:             (none)
  Path Type:              Recovery (Max at Slow Process Corner)
  Data Path Delay:        8.156ns  (logic 1.127ns (13.819%)  route 7.029ns (86.181%))
  Logic Levels:           2  (IBUF=1 LUT1=1)
  Clock Path Skew:        4.256ns (DCD - SCD + CPR)
    Destination Clock Delay (DCD):    4.256ns
    Source Clock Delay      (SCD):    0.000ns
    Clock Pessimism Removal (CPR):    0.000ns
  Clock Uncertainty:      0.025ns  ((TSJ^2 + TIJ^2)^1/2 + DJ) / 2 + PE
    Total System Jitter     (TSJ):    0.050ns
    Total Input Jitter      (TIJ):    0.000ns
    Discrete Jitter          (DJ):    0.000ns
    Phase Error              (PE):    0.000ns

    Location             Delay type                Incr(ns)  Path(ns)    Netlist Resource(s)
  -------------------------------------------------------------------    -------------------
    C11                                               0.000     0.000 r  n_rst (IN)
                         net (fo=0)                   0.000     0.000    n_rst
    C11                  IBUF (Prop_ibuf_I_O)         0.977     0.977 r  n_rst_IBUF_inst/O
                         net (fo=14, routed)          1.959     2.936    kern_buf/n_rst_IBUF
    SLICE_X13Y31         LUT1 (Prop_lut1_I0_O)        0.150     3.086 f  kern_buf/FSM_onehot_state[9]_i_3/O
                         net (fo=644, routed)         5.069     8.156    kern_buf_n_0
    SLICE_X14Y32         FDCE                                         f  output_pixel_reg[4]/CLR
  -------------------------------------------------------------------    -------------------

                         (clock clk rise edge)        0.000     0.000 r  
    D14                                               0.000     0.000 r  clk (IN)
                         net (fo=0)                   0.000     0.000    clk
    D14                  IBUF (Prop_ibuf_I_O)         0.855     0.855 r  clk_IBUF_inst/O
                         net (fo=1, routed)           1.868     2.723    clk_IBUF
    BUFGCTRL_X0Y0        BUFG (Prop_bufg_I_O)         0.091     2.814 r  clk_IBUF_BUFG_inst/O
                         net (fo=692, routed)         1.442     4.256    clk_IBUF_BUFG
    SLICE_X14Y32         FDCE                                         r  output_pixel_reg[4]/C





Min Delay Paths
--------------------------------------------------------------------------------------
Slack:                    inf
  Source:                 i_wdata[20]
                            (input port)
  Destination:            wdata_1_reg[20]/D
                            (rising edge-triggered cell FDCE clocked by clk  {rise@0.000ns fall@2.500ns period=5.000ns})
  Path Group:             (none)
  Path Type:              Hold (Min at Fast Process Corner)
  Data Path Delay:        0.484ns  (logic 0.190ns (39.274%)  route 0.294ns (60.726%))
  Logic Levels:           1  (IBUF=1)
  Clock Path Skew:        1.977ns (DCD - SCD - CPR)
    Destination Clock Delay (DCD):    1.977ns
    Source Clock Delay      (SCD):    0.000ns
    Clock Pessimism Removal (CPR):    -0.000ns

    Location             Delay type                Incr(ns)  Path(ns)    Netlist Resource(s)
  -------------------------------------------------------------------    -------------------
    H13                                               0.000     0.000 r  i_wdata[20] (IN)
                         net (fo=0)                   0.000     0.000    i_wdata[20]
    H13                  IBUF (Prop_ibuf_I_O)         0.190     0.190 r  i_wdata_IBUF[20]_inst/O
                         net (fo=1, routed)           0.294     0.484    i_wdata_IBUF[20]
    SLICE_X1Y22          FDCE                                         r  wdata_1_reg[20]/D
  -------------------------------------------------------------------    -------------------

                         (clock clk rise edge)        0.000     0.000 r  
    D14                                               0.000     0.000 r  clk (IN)
                         net (fo=0)                   0.000     0.000    clk
    D14                  IBUF (Prop_ibuf_I_O)         0.406     0.406 r  clk_IBUF_inst/O
                         net (fo=1, routed)           0.689     1.095    clk_IBUF
    BUFGCTRL_X0Y0        BUFG (Prop_bufg_I_O)         0.029     1.124 r  clk_IBUF_BUFG_inst/O
                         net (fo=692, routed)         0.853     1.977    clk_IBUF_BUFG
    SLICE_X1Y22          FDCE                                         r  wdata_1_reg[20]/C

Slack:                    inf
  Source:                 i_wdata[28]
                            (input port)
  Destination:            wdata_1_reg[28]/D
                            (rising edge-triggered cell FDCE clocked by clk  {rise@0.000ns fall@2.500ns period=5.000ns})
  Path Group:             (none)
  Path Type:              Hold (Min at Fast Process Corner)
  Data Path Delay:        0.490ns  (logic 0.191ns (38.919%)  route 0.300ns (61.081%))
  Logic Levels:           1  (IBUF=1)
  Clock Path Skew:        1.981ns (DCD - SCD - CPR)
    Destination Clock Delay (DCD):    1.981ns
    Source Clock Delay      (SCD):    0.000ns
    Clock Pessimism Removal (CPR):    -0.000ns

    Location             Delay type                Incr(ns)  Path(ns)    Netlist Resource(s)
  -------------------------------------------------------------------    -------------------
    F14                                               0.000     0.000 r  i_wdata[28] (IN)
                         net (fo=0)                   0.000     0.000    i_wdata[28]
    F14                  IBUF (Prop_ibuf_I_O)         0.191     0.191 r  i_wdata_IBUF[28]_inst/O
                         net (fo=1, routed)           0.300     0.490    i_wdata_IBUF[28]
    SLICE_X0Y31          FDCE                                         r  wdata_1_reg[28]/D
  -------------------------------------------------------------------    -------------------

                         (clock clk rise edge)        0.000     0.000 r  
    D14                                               0.000     0.000 r  clk (IN)
                         net (fo=0)                   0.000     0.000    clk
    D14                  IBUF (Prop_ibuf_I_O)         0.406     0.406 r  clk_IBUF_inst/O
                         net (fo=1, routed)           0.689     1.095    clk_IBUF
    BUFGCTRL_X0Y0        BUFG (Prop_bufg_I_O)         0.029     1.124 r  clk_IBUF_BUFG_inst/O
                         net (fo=692, routed)         0.857     1.981    clk_IBUF_BUFG
    SLICE_X0Y31          FDCE                                         r  wdata_1_reg[28]/C

Slack:                    inf
  Source:                 i_wdata[27]
                            (input port)
  Destination:            wdata_1_reg[27]/D
                            (rising edge-triggered cell FDCE clocked by clk  {rise@0.000ns fall@2.500ns period=5.000ns})
  Path Group:             (none)
  Path Type:              Hold (Min at Fast Process Corner)
  Data Path Delay:        0.516ns  (logic 0.217ns (41.988%)  route 0.300ns (58.012%))
  Logic Levels:           1  (IBUF=1)
  Clock Path Skew:        1.980ns (DCD - SCD - CPR)
    Destination Clock Delay (DCD):    1.980ns
    Source Clock Delay      (SCD):    0.000ns
    Clock Pessimism Removal (CPR):    -0.000ns

    Location             Delay type                Incr(ns)  Path(ns)    Netlist Resource(s)
  -------------------------------------------------------------------    -------------------
    F13                                               0.000     0.000 r  i_wdata[27] (IN)
                         net (fo=0)                   0.000     0.000    i_wdata[27]
    F13                  IBUF (Prop_ibuf_I_O)         0.217     0.217 r  i_wdata_IBUF[27]_inst/O
                         net (fo=1, routed)           0.300     0.516    i_wdata_IBUF[27]
    SLICE_X0Y30          FDCE                                         r  wdata_1_reg[27]/D
  -------------------------------------------------------------------    -------------------

                         (clock clk rise edge)        0.000     0.000 r  
    D14                                               0.000     0.000 r  clk (IN)
                         net (fo=0)                   0.000     0.000    clk
    D14                  IBUF (Prop_ibuf_I_O)         0.406     0.406 r  clk_IBUF_inst/O
                         net (fo=1, routed)           0.689     1.095    clk_IBUF
    BUFGCTRL_X0Y0        BUFG (Prop_bufg_I_O)         0.029     1.124 r  clk_IBUF_BUFG_inst/O
                         net (fo=692, routed)         0.856     1.980    clk_IBUF_BUFG
    SLICE_X0Y30          FDCE                                         r  wdata_1_reg[27]/C

Slack:                    inf
  Source:                 i_wdata[29]
                            (input port)
  Destination:            wdata_1_reg[29]/D
                            (rising edge-triggered cell FDCE clocked by clk  {rise@0.000ns fall@2.500ns period=5.000ns})
  Path Group:             (none)
  Path Type:              Hold (Min at Fast Process Corner)
  Data Path Delay:        0.522ns  (logic 0.190ns (36.372%)  route 0.332ns (63.628%))
  Logic Levels:           1  (IBUF=1)
  Clock Path Skew:        1.981ns (DCD - SCD - CPR)
    Destination Clock Delay (DCD):    1.981ns
    Source Clock Delay      (SCD):    0.000ns
    Clock Pessimism Removal (CPR):    -0.000ns

    Location             Delay type                Incr(ns)  Path(ns)    Netlist Resource(s)
  -------------------------------------------------------------------    -------------------
    G14                                               0.000     0.000 r  i_wdata[29] (IN)
                         net (fo=0)                   0.000     0.000    i_wdata[29]
    G14                  IBUF (Prop_ibuf_I_O)         0.190     0.190 r  i_wdata_IBUF[29]_inst/O
                         net (fo=1, routed)           0.332     0.522    i_wdata_IBUF[29]
    SLICE_X0Y31          FDCE                                         r  wdata_1_reg[29]/D
  -------------------------------------------------------------------    -------------------

                         (clock clk rise edge)        0.000     0.000 r  
    D14                                               0.000     0.000 r  clk (IN)
                         net (fo=0)                   0.000     0.000    clk
    D14                  IBUF (Prop_ibuf_I_O)         0.406     0.406 r  clk_IBUF_inst/O
                         net (fo=1, routed)           0.689     1.095    clk_IBUF
    BUFGCTRL_X0Y0        BUFG (Prop_bufg_I_O)         0.029     1.124 r  clk_IBUF_BUFG_inst/O
                         net (fo=692, routed)         0.857     1.981    clk_IBUF_BUFG
    SLICE_X0Y31          FDCE                                         r  wdata_1_reg[29]/C

Slack:                    inf
  Source:                 i_wdata[7]
                            (input port)
  Destination:            wdata_1_reg[7]/D
                            (rising edge-triggered cell FDCE clocked by clk  {rise@0.000ns fall@2.500ns period=5.000ns})
  Path Group:             (none)
  Path Type:              Hold (Min at Fast Process Corner)
  Data Path Delay:        0.524ns  (logic 0.163ns (31.014%)  route 0.362ns (68.986%))
  Logic Levels:           1  (IBUF=1)
  Clock Path Skew:        1.989ns (DCD - SCD - CPR)
    Destination Clock Delay (DCD):    1.989ns
    Source Clock Delay      (SCD):    0.000ns
    Clock Pessimism Removal (CPR):    -0.000ns

    Location             Delay type                Incr(ns)  Path(ns)    Netlist Resource(s)
  -------------------------------------------------------------------    -------------------
    M12                                               0.000     0.000 r  i_wdata[7] (IN)
                         net (fo=0)                   0.000     0.000    i_wdata[7]
    M12                  IBUF (Prop_ibuf_I_O)         0.163     0.163 r  i_wdata_IBUF[7]_inst/O
                         net (fo=1, routed)           0.362     0.524    i_wdata_IBUF[7]
    SLICE_X2Y9           FDCE                                         r  wdata_1_reg[7]/D
  -------------------------------------------------------------------    -------------------

                         (clock clk rise edge)        0.000     0.000 r  
    D14                                               0.000     0.000 r  clk (IN)
                         net (fo=0)                   0.000     0.000    clk
    D14                  IBUF (Prop_ibuf_I_O)         0.406     0.406 r  clk_IBUF_inst/O
                         net (fo=1, routed)           0.689     1.095    clk_IBUF
    BUFGCTRL_X0Y0        BUFG (Prop_bufg_I_O)         0.029     1.124 r  clk_IBUF_BUFG_inst/O
                         net (fo=692, routed)         0.865     1.989    clk_IBUF_BUFG
    SLICE_X2Y9           FDCE                                         r  wdata_1_reg[7]/C

Slack:                    inf
  Source:                 i_wdata[17]
                            (input port)
  Destination:            wdata_1_reg[17]/D
                            (rising edge-triggered cell FDCE clocked by clk  {rise@0.000ns fall@2.500ns period=5.000ns})
  Path Group:             (none)
  Path Type:              Hold (Min at Fast Process Corner)
  Data Path Delay:        0.528ns  (logic 0.166ns (31.478%)  route 0.362ns (68.522%))
  Logic Levels:           1  (IBUF=1)
  Clock Path Skew:        1.980ns (DCD - SCD - CPR)
    Destination Clock Delay (DCD):    1.980ns
    Source Clock Delay      (SCD):    0.000ns
    Clock Pessimism Removal (CPR):    -0.000ns

    Location             Delay type                Incr(ns)  Path(ns)    Netlist Resource(s)
  -------------------------------------------------------------------    -------------------
    L14                                               0.000     0.000 r  i_wdata[17] (IN)
                         net (fo=0)                   0.000     0.000    i_wdata[17]
    L14                  IBUF (Prop_ibuf_I_O)         0.166     0.166 r  i_wdata_IBUF[17]_inst/O
                         net (fo=1, routed)           0.362     0.528    i_wdata_IBUF[17]
    SLICE_X3Y19          FDCE                                         r  wdata_1_reg[17]/D
  -------------------------------------------------------------------    -------------------

                         (clock clk rise edge)        0.000     0.000 r  
    D14                                               0.000     0.000 r  clk (IN)
                         net (fo=0)                   0.000     0.000    clk
    D14                  IBUF (Prop_ibuf_I_O)         0.406     0.406 r  clk_IBUF_inst/O
                         net (fo=1, routed)           0.689     1.095    clk_IBUF
    BUFGCTRL_X0Y0        BUFG (Prop_bufg_I_O)         0.029     1.124 r  clk_IBUF_BUFG_inst/O
                         net (fo=692, routed)         0.856     1.980    clk_IBUF_BUFG
    SLICE_X3Y19          FDCE                                         r  wdata_1_reg[17]/C

Slack:                    inf
  Source:                 i_wdata[30]
                            (input port)
  Destination:            wdata_1_reg[30]/D
                            (rising edge-triggered cell FDCE clocked by clk  {rise@0.000ns fall@2.500ns period=5.000ns})
  Path Group:             (none)
  Path Type:              Hold (Min at Fast Process Corner)
  Data Path Delay:        0.528ns  (logic 0.228ns (43.255%)  route 0.300ns (56.745%))
  Logic Levels:           1  (IBUF=1)
  Clock Path Skew:        1.983ns (DCD - SCD - CPR)
    Destination Clock Delay (DCD):    1.983ns
    Source Clock Delay      (SCD):    0.000ns
    Clock Pessimism Removal (CPR):    -0.000ns

    Location             Delay type                Incr(ns)  Path(ns)    Netlist Resource(s)
  -------------------------------------------------------------------    -------------------
    D13                                               0.000     0.000 r  i_wdata[30] (IN)
                         net (fo=0)                   0.000     0.000    i_wdata[30]
    D13                  IBUF (Prop_ibuf_I_O)         0.228     0.228 r  i_wdata_IBUF[30]_inst/O
                         net (fo=1, routed)           0.300     0.528    i_wdata_IBUF[30]
    SLICE_X0Y33          FDCE                                         r  wdata_1_reg[30]/D
  -------------------------------------------------------------------    -------------------

                         (clock clk rise edge)        0.000     0.000 r  
    D14                                               0.000     0.000 r  clk (IN)
                         net (fo=0)                   0.000     0.000    clk
    D14                  IBUF (Prop_ibuf_I_O)         0.406     0.406 r  clk_IBUF_inst/O
                         net (fo=1, routed)           0.689     1.095    clk_IBUF
    BUFGCTRL_X0Y0        BUFG (Prop_bufg_I_O)         0.029     1.124 r  clk_IBUF_BUFG_inst/O
                         net (fo=692, routed)         0.859     1.983    clk_IBUF_BUFG
    SLICE_X0Y33          FDCE                                         r  wdata_1_reg[30]/C

Slack:                    inf
  Source:                 i_wdata[21]
                            (input port)
  Destination:            wdata_1_reg[21]/D
                            (rising edge-triggered cell FDCE clocked by clk  {rise@0.000ns fall@2.500ns period=5.000ns})
  Path Group:             (none)
  Path Type:              Hold (Min at Fast Process Corner)
  Data Path Delay:        0.534ns  (logic 0.180ns (33.757%)  route 0.354ns (66.243%))
  Logic Levels:           1  (IBUF=1)
  Clock Path Skew:        1.977ns (DCD - SCD - CPR)
    Destination Clock Delay (DCD):    1.977ns
    Source Clock Delay      (SCD):    0.000ns
    Clock Pessimism Removal (CPR):    -0.000ns

    Location             Delay type                Incr(ns)  Path(ns)    Netlist Resource(s)
  -------------------------------------------------------------------    -------------------
    H12                                               0.000     0.000 r  i_wdata[21] (IN)
                         net (fo=0)                   0.000     0.000    i_wdata[21]
    H12                  IBUF (Prop_ibuf_I_O)         0.180     0.180 r  i_wdata_IBUF[21]_inst/O
                         net (fo=1, routed)           0.354     0.534    i_wdata_IBUF[21]
    SLICE_X0Y22          FDCE                                         r  wdata_1_reg[21]/D
  -------------------------------------------------------------------    -------------------

                         (clock clk rise edge)        0.000     0.000 r  
    D14                                               0.000     0.000 r  clk (IN)
                         net (fo=0)                   0.000     0.000    clk
    D14                  IBUF (Prop_ibuf_I_O)         0.406     0.406 r  clk_IBUF_inst/O
                         net (fo=1, routed)           0.689     1.095    clk_IBUF
    BUFGCTRL_X0Y0        BUFG (Prop_bufg_I_O)         0.029     1.124 r  clk_IBUF_BUFG_inst/O
                         net (fo=692, routed)         0.853     1.977    clk_IBUF_BUFG
    SLICE_X0Y22          FDCE                                         r  wdata_1_reg[21]/C

Slack:                    inf
  Source:                 i_wdata[31]
                            (input port)
  Destination:            wdata_1_reg[31]/D
                            (rising edge-triggered cell FDCE clocked by clk  {rise@0.000ns fall@2.500ns period=5.000ns})
  Path Group:             (none)
  Path Type:              Hold (Min at Fast Process Corner)
  Data Path Delay:        0.555ns  (logic 0.223ns (40.239%)  route 0.332ns (59.761%))
  Logic Levels:           1  (IBUF=1)
  Clock Path Skew:        1.983ns (DCD - SCD - CPR)
    Destination Clock Delay (DCD):    1.983ns
    Source Clock Delay      (SCD):    0.000ns
    Clock Pessimism Removal (CPR):    -0.000ns

    Location             Delay type                Incr(ns)  Path(ns)    Netlist Resource(s)
  -------------------------------------------------------------------    -------------------
    D12                                               0.000     0.000 r  i_wdata[31] (IN)
                         net (fo=0)                   0.000     0.000    i_wdata[31]
    D12                  IBUF (Prop_ibuf_I_O)         0.223     0.223 r  i_wdata_IBUF[31]_inst/O
                         net (fo=1, routed)           0.332     0.555    i_wdata_IBUF[31]
    SLICE_X0Y33          FDCE                                         r  wdata_1_reg[31]/D
  -------------------------------------------------------------------    -------------------

                         (clock clk rise edge)        0.000     0.000 r  
    D14                                               0.000     0.000 r  clk (IN)
                         net (fo=0)                   0.000     0.000    clk
    D14                  IBUF (Prop_ibuf_I_O)         0.406     0.406 r  clk_IBUF_inst/O
                         net (fo=1, routed)           0.689     1.095    clk_IBUF
    BUFGCTRL_X0Y0        BUFG (Prop_bufg_I_O)         0.029     1.124 r  clk_IBUF_BUFG_inst/O
                         net (fo=692, routed)         0.859     1.983    clk_IBUF_BUFG
    SLICE_X0Y33          FDCE                                         r  wdata_1_reg[31]/C

Slack:                    inf
  Source:                 i_wdata[26]
                            (input port)
  Destination:            wdata_1_reg[26]/D
                            (rising edge-triggered cell FDCE clocked by clk  {rise@0.000ns fall@2.500ns period=5.000ns})
  Path Group:             (none)
  Path Type:              Hold (Min at Fast Process Corner)
  Data Path Delay:        0.562ns  (logic 0.225ns (39.994%)  route 0.337ns (60.006%))
  Logic Levels:           1  (IBUF=1)
  Clock Path Skew:        1.978ns (DCD - SCD - CPR)
    Destination Clock Delay (DCD):    1.978ns
    Source Clock Delay      (SCD):    0.000ns
    Clock Pessimism Removal (CPR):    -0.000ns

    Location             Delay type                Incr(ns)  Path(ns)    Netlist Resource(s)
  -------------------------------------------------------------------    -------------------
    E13                                               0.000     0.000 r  i_wdata[26] (IN)
                         net (fo=0)                   0.000     0.000    i_wdata[26]
    E13                  IBUF (Prop_ibuf_I_O)         0.225     0.225 r  i_wdata_IBUF[26]_inst/O
                         net (fo=1, routed)           0.337     0.562    i_wdata_IBUF[26]
    SLICE_X2Y28          FDCE                                         r  wdata_1_reg[26]/D
  -------------------------------------------------------------------    -------------------

                         (clock clk rise edge)        0.000     0.000 r  
    D14                                               0.000     0.000 r  clk (IN)
                         net (fo=0)                   0.000     0.000    clk
    D14                  IBUF (Prop_ibuf_I_O)         0.406     0.406 r  clk_IBUF_inst/O
                         net (fo=1, routed)           0.689     1.095    clk_IBUF
    BUFGCTRL_X0Y0        BUFG (Prop_bufg_I_O)         0.029     1.124 r  clk_IBUF_BUFG_inst/O
                         net (fo=692, routed)         0.854     1.978    clk_IBUF_BUFG
    SLICE_X2Y28          FDCE                                         r  wdata_1_reg[26]/C





